Name,Not Starter Paid Salary,Starter Paid Salary,Grand Total,PPM
"Abrines, Alex",0.107692308,0.5,0.14084507,0.554820826
"Acy, Quincy",0.293103448,0.625,0.333333333,0.673439308
"Adams, Steven",,0.472222222,0.472222222,0.962113161
"Adebayo, Bam",0.319148936,0.421052632,0.348484848,0.847029919
"Afflalo, Arron",0.043478261,0.333333333,0.06122449,0.471240226
"Aldrich, Cole",0.052631579,,0.052631579,0.565018227
"Aldridge, LaMarcus",,0.527777778,0.527777778,1.198236493
"Allen, Jarrett",0.317073171,0.576923077,0.417910448,0.897181549
"Allen, Kadeem",0,0,0,0.276767698
"Allen, Tony",0.090909091,,0.090909091,0.677859159
"Aminu, Al-Farouq",0,0.46875,0.454545455,0.822804043
"Anderson, Justin",0.285714286,,0.285714286,0.806472116
"Anderson, Kyle",0,0.461538462,0.422535211,0.851518906
"Anderson, Ryan",0.222222222,0.3125,0.287878788,0.704305768
"Anigbogu, Ike",0,,0,0.82639821
"Antetokounmpo, Giannis",,0.432432432,0.432432432,1.42139936
"Anthony, Carmelo",0,0.356164384,0.351351351,0.884945366
"Anunoby, OG",0.307692308,0.148148148,0.179104478,0.605107955
"Arcidiacono, Ryan",0.052631579,,0.052631579,0.453434552
"Ariza, Trevor",0,0.46875,0.461538462,0.749141806
"Arthur, Darrell",0.055555556,1,0.105263158,0.610185622
"Artis, Jamel",0.181818182,,0.181818182,0.533883559
"Asik, Omer",0,,0,0.645173843
"Augustin, D.J",0,0.321428571,0.28125,0.837316725
"Augustin, D.J.",,0.473684211,0.473684211,0.843305785
"Babbitt, Luke",0.108108108,0.545454545,0.208333333,0.64169912
"Bacon, Dwayne",0.111111111,0.333333333,0.137254902,0.529044658
"Baker, Ron",0.185185185,0,0.178571429,0.596303125
"Baldwin, Wade",0.4,,0.4,0.467278835
"Ball, Lonzo",0.5,0.48,0.480769231,1.008815605
"Barea, Jose",0.457627119,0.8,0.507246377,1.106351336
"Barnes, Harrison",,0.493333333,0.493333333,0.920087849
"Barton, Will",0.414634146,0.594594595,0.5,0.936438557
"Batum, Nicolas",,0.413793103,0.413793103,0.896533487
"Bayless, Jerryd",0.214285714,0.555555556,0.297297297,0.578849215
"Baynes, Aron",0.111111111,0.362068966,0.302631579,0.830724581
"Bazemore, Kent",,0.353846154,0.353846154,0.966070545
"Beal, Bradley",,0.430379747,0.430379747,1.049226009
"Beasley, Malik",0.081967213,,0.081967213,0.595655537
"Beasley, Michael",0.363636364,0.583333333,0.441176471,1.076479312
"Belinelli, Marco",0.386666667,1,0.394736842,0.774788395
"Bell, Jordan",0.146341463,0.666666667,0.264150943,1.030351616
"Bembry, DeAndre",0.434782609,,0.434782609,0.639282593
"Bender, Dragan",0.266666667,0.333333333,0.294871795,0.609824165
"Bertans, Davis",0.21875,0.7,0.283783784,0.741401966
"Beverley, Patrick",,0.3,0.3,0.864000855
"Birch, Khem",0.216216216,,0.216216216,0.738915167
"Bird, Jabari",0,,0,0.223783576
"Biyombo, Bismack",0.188679245,0.416666667,0.25974026,0.854250367
"Bjelica, Nemanja",0.162790698,0.523809524,0.28125,0.776268386
"Black, Tarik",0.270833333,1,0.285714286,0.843767482
"Blakeney, Antonio",0.368421053,,0.368421053,0.931945893
"Bledsoe, Eric",0,0.485714286,0.478873239,1.090622276
"Blue, Vander",0,,0,0.239282053
"Bogdanovic, Bogdan",0.5,0.306122449,0.373333333,0.809935661
"Bogdanovic, Bojan",,0.423076923,0.423076923,0.730040275
"Bogut, Andrew",0.052631579,0,0.043478261,0.80825299
"Bolomboy, Joel",0,,0,0.738673586
"Booker, Devin",,0.481481481,0.481481481,1.127976899
"Booker, Trevor",0.275862069,0.6,0.301587302,0.848244736
"Boucher, Chris",0,,0,0.949367089
"Bradley, Avery",,0.325581395,0.325581395,0.72561373
"Bradley, Tony",0,,0,0.841910363
"Brewer, Corey",0.150943396,0.533333333,0.235294118,0.648674943
"Brogdon, Malcolm",0.555555556,0.631578947,0.586956522,0.801067057
"Brooks, Aaron",0.066666667,0,0.064516129,0.896843687
"Brooks, Dillon",0.375,0.352941176,0.355263158,0.632614855
"Brooks, MarShon",1,,1,#VALUE!
"Brown, Anthony",0,,0,1.339285714
"Brown, Bobby",0.05,,0.05,0.729506286
"Brown, Jaylen",,0.343283582,0.343283582,0.835749577
"Brown, Lorenzo",0.076923077,,0.076923077,0.541672711
"Brown, Markel",0,,0,0.426589748
"Brown, Sterling",0.183673469,0.333333333,0.192307692,0.656834904
"Brussino, Nicolas",0,,0,0.544020433
"Bryant, Thomas",0,,0,0.685546637
"Bullock, Reggie",0,0.37254902,0.316666667,0.671663546
"Burke, Trey",0.48,0.8,0.533333333,1.139715566
"Burks, Alec",0.290322581,1,0.301587302,0.785033323
"Butler, Jimmy",,0.571428571,0.571428571,1.106550807
"Buycks, Dwight",0.428571429,,0.428571429,0.752312597
"Caboclo, Bruno",0,,0,0.567507851
"Calderon, Jose",0.043478261,0.35483871,0.222222222,0.619219665
"Caldwell-Pope, Kentavious",,0.507246377,0.507246377,0.815762984
"Canaan, Isaiah",0.444444444,0,0.421052632,0.862662725
"Capela, Clint",,0.430555556,0.430555556,1.244071492
"Carroll, DeMarre",,0.535211268,0.535211268,0.924762184
"Carter, Vince",0.254901961,0.5,0.272727273,0.659424362
"Carter-Williams, Michael",0.229166667,1,0.26,0.822260144
"Caruso, Alex",0.172413793,0.333333333,0.1875,0.590319991
"Casspi, Omri",0.152173913,0.857142857,0.245283019,0.863525947
"Cauley-Stein, Willie",0.5,0.358490566,0.391304348,0.995624579
"Cavanaugh, Tyler",0.222222222,1,0.243243243,0.79555058
"Chalmers, Mario",0.26,0.7,0.333333333,0.777119119
"Chandler, Tyson",0,0.431818182,0.422222222,0.828615496
"Chandler, Wilson",0.333333333,0.397058824,0.394366197,0.698326143
"Chriss, Marquese",0.25,0.52173913,0.428571429,0.868500897
"Clark, Ian",0.304347826,0.5,0.309859155,0.640286714
"Clarkson, Jordan",0.351351351,1,0.368421053,0.958559837
"Clavell, Gian",0.142857143,,0.142857143,0.412517363
"Cleveland, Antonius",0,,0,0.460209656
"Collins, John",0.458333333,0.434782609,0.450704225,1.034398007
"Collins, Zach",0.177419355,0,0.174603175,0.675793765
"Collinsworth, Kyle",0.259259259,0,0.25,0.641037099
"Collison, Darren",0.4,0.393442623,0.393939394,0.915274575
"Collison, Nick",0,,0,0.803104143
"Conley, Mike",,0.181818182,0.181818182,0.92124552
"Connaughton, Pat",0.216216216,0.6,0.240506329,0.57385536
"Cook, Quinn",0.066666667,0.533333333,0.3,0.805607289
"Cooke, Charles",0,,0,0.347024259
"Cooley, Jack",0.25,,0.25,1.64309667
"Costello, Matt",,,,0.908732669
"Cousins, DeMarcus",,0.458333333,0.458333333,1.537917252
"Covington, Robert",,0.405405405,0.405405405,0.88260598
"Crabbe, Allen",0.571428571,0.428571429,0.442857143,0.788046118
"Craig, Torrey",0.129032258,0.8,0.222222222,0.632198974
"Crawford, Jamal",0.311688312,,0.311688312,0.81056802
"Crawford, Jordan",0.5,,0.5,0.92167011
"Crowder, Jae",0.4,0.340425532,0.363636364,0.674737186
"Cunningham, Dante",0.25,0.375,0.294117647,0.637918419
"Curry, Stephen",0,0.44,0.431372549,1.439573953
"Daniels, Troy",0.215384615,0.5,0.25974026,0.620044199
"Davis, Anthony",,0.492753623,0.492753623,1.471661632
"Davis, Deyonta",0.226415094,0.25,0.228070175,0.876560767
"Davis, Ed",0.342105263,,0.342105263,0.907480349
"Dedmon, Dewayne",0.117647059,0.547619048,0.423728814,0.994566114
"Dekker, Sam",0.115942029,0,0.114285714,0.668990294
"Delaney, Malcolm",0.274509804,0.666666667,0.296296296,0.790177152
"Dellavedova, Matthew",0.171428571,0.5,0.189189189,0.673823877
"Deng, Luol",,0,0,0.38071066
"DeRozan, DeMar",,0.397260274,0.397260274,1.114387059
"Diallo, Cheick",0.212765957,,0.212765957,0.92076967
"Dieng, Gorgui",0.276315789,,0.276315789,0.843900488
"Dinwiddie, Spencer",0.25,0.339285714,0.315789474,0.991898032
"Dorsey, Tyler",0.25,0.6,0.283018868,0.712525678
"Dotson, Damyean",0.054054054,1,0.078947368,0.712426874
"Doyle, Milton",0,,0,0.843133407
"Dozier, PJ",0,,0,0.484399076
"Dragic, Goran",,0.342465753,0.342465753,0.984941972
"Drew II, Larry",0,,0,0.429102853
"Drummond, Andre",,0.513513514,0.513513514,1.363989918
"Dudley, Jared",0.204545455,,0.204545455,0.595650158
"Dunn, Kris",0.666666667,0.511627907,0.538461538,1.075092226
"Durant, Kevin",,0.307692308,0.307692308,1.410836669
"Eddie, Jarell",0,,0,0.439403075
"Ellenson, Henry",0.147058824,,0.147058824,0.718706214
"Ellington, Wayne",0.402777778,0.5,0.405405405,0.687369962
"Embiid, Joel",0,0.459016393,0.451612903,1.50306296
"Ennis, James",0.239130435,0.3,0.257575758,0.624678817
"Ennis, Tyler",0.146341463,0.25,0.163265306,0.687186483
"Evans, Jawun",0.136363636,0.5,0.166666667,0.687829481
"Evans, Jeremy",0,,0,0.514018692
"Evans, Tyreke",0.631578947,0.580645161,0.6,1.180452655
"Exum, Dante",0.454545455,,0.454545455,1.05923079
"Faried, Kenneth",0.08,0.857142857,0.25,0.914993404
"Favors, Derrick",,0.405405405,0.405405405,0.938247371
"Felder, Kay",0.066666667,,0.066666667,0.682538357
"Felicio, Cristiano",0.075,0.8,0.22,0.720356622
"Felton, Raymond",0.342105263,1,0.358974359,0.887611657
"Ferguson, Terrance",0.020408163,0.222222222,0.051724138,0.445224143
"Ferrell, Yogi",0.275862069,0.476190476,0.329113924,0.706913049
"Finney-Smith, Dorian",0.25,0.3,0.277777778,0.532822455
"Forbes, Bryn",0.153846154,0.333333333,0.181818182,0.557731575
"Fournier, Evan",,0.392857143,0.392857143,0.886603063
"Fox, De'Aaron",0.266666667,0.444444444,0.405797101,0.824526646
"Frazier, Tim",0.088888889,0.454545455,0.160714286,0.837349837
"Frye, Channing",0.163265306,0,0.16,0.905054975
"Fultz, Markelle",0.222222222,,0.222222222,0.954800593
"Gallinari, Danilo",,0.263157895,0.263157895,0.834519492
"Galloway, Langston",0.307692308,0,0.301886792,0.714129449
"Gasol, Marc",,0.442857143,0.442857143,1.137114074
"Gasol, Pau",0.230769231,0.475409836,0.432432432,1.146047014
"Gay, Rudy",0.25,0.5,0.277777778,1.034016466
"George, Paul",,0.44,0.44,1.069902899
"Georges-Hunt, Marcus",0.048780488,,0.048780488,0.430664604
"Gibson, Taj",,0.417721519,0.417721519,0.759321375
"Ginobili, Manu",0.403225806,,0.403225806,0.792813618
"Gobert, Rudy",,0.423076923,0.423076923,1.095228652
"Gordon, Aaron",0,0.377358491,0.37037037,1.064876
"Gordon, Eric",0.307692308,0.517241379,0.397058824,0.857429838
"Gortat, Marcin",,0.341772152,0.341772152,0.896475663
"Graham, Treveon",0.189655172,0,0.183333333,0.548959177
"Grant, Jerami",0.368421053,1,0.376623377,0.817965997
"Grant, Jerian",0.295454545,0.4,0.333333333,0.862810101
"Gray, Josh",0.25,,0.25,#VALUE!
"Green, Danny",0.2,0.385964912,0.358208955,0.753375529
"Green, Draymond",0,0.430769231,0.417910448,1.121586549
"Green, Gerald",0.285714286,0,0.277777778,0.831543762
"Green, JaMychal",0,0.519230769,0.509433962,0.899216593
"Green, Jeff",0.323076923,0.6,0.36,0.776939704
"Griffin, Blake",,0.410714286,0.410714286,1.218130328
"Hamilton, Daniel",0.2,,0.2,1.082048346
"Hardaway Jr., Tim",0.333333333,0.346153846,0.345454545,0.878847384
"Harden, James",,0.457142857,0.457142857,1.569850542
"Harkless, Maurice",0.166666667,0.342857143,0.271186441,0.613294957
"Harrell, Montrezl",0.397058824,0.333333333,0.394366197,1.142363826
"Harris, Devin",0.402985075,1,0.411764706,0.799836261
"Harris, Gary",,0.492307692,0.492307692,0.858381974
"Harris, Joe",0.412698413,0.5,0.426666667,0.74914261
"Harris, Tobias",,0.405405405,0.405405405,0.963756622
"Harrison, Aaron",0.25,1,0.5,0.603683354
"Harrison, Andrew",0.272727273,0.477272727,0.436363636,0.792655092
"Harrison, Shaquille",0.222222222,,0.222222222,0.927048159
"Hart, Josh",0.128205128,0.631578947,0.293103448,0.65294188
"Haslem, Udonis",0,,0,0.52366151
"Hayes, Nigel",0,,0,0.442063625
"Hearn, Reggie",0,,0,0.68627451
"Henry, Myke",0.1875,,0.1875,0.671326588
"Henson, John",0.428571429,0.439393939,0.438356164,0.878710755
"Hernangomez, Guillermo",0.25,1,0.266666667,1.10507763
"Hernangomez, Juan",0.095238095,0.333333333,0.125,0.777473311
"Hezonja, Mario",0.177777778,0.653846154,0.352112676,0.803550194
"Hicks, Isaiah",0.153846154,,0.153846154,0.544151673
"Hield, Buddy",0.5,0.307692308,0.467532468,0.92830033
"Hilario, Nene",0.217391304,0.25,0.22,0.933483152
"Hill, George",0.285714286,0.368421053,0.359375,0.721142072
"Hill, Solomon",0.25,,0.25,0.624496057
"Hilliard, Darrun",0,,0,0.399064075
"Holiday, Jrue",,0.513157895,0.513157895,1.027507424
"Holiday, Justin",0,0.358208955,0.352941176,0.762808491
"Holland, John",0.047619048,,0.047619048,0.410345531
"Hollis-Jefferson, Rondae",0.333333333,0.555555556,0.523809524,1.018633591
"Holmes, Richaun",0.341463415,0.5,0.348837209,0.987433685
"Hood, Rodney",0.27027027,0.428571429,0.327586207,0.842827953
"Hopson, Scotty",0,,0,0.239043825
"Horford, Al",,0.4,0.4,1.025948265
"House, Danuel",0.3,,0.3,0.801387446
"Howard, Dwight",,0.459459459,0.459459459,1.238007206
"Huestis, Josh",0.089285714,0.1,0.090909091,0.575647182
"Hunter, R.J",0,,0,1.329595792
"Hunter, Vince",0,,0,1.194465941
"Ibaka, Serge",,0.449275362,0.449275362,0.916008987
"Iguodala, Andre",0.321428571,0.428571429,0.333333333,0.732707942
"Ilyasova, Ersan",0.409090909,0.441860465,0.430769231,0.872838165
"Ingles, Joe",1,0.512820513,0.518987342,0.844717508
"Ingram, Brandon",,0.457627119,0.457627119,0.924391554
"Irving, Kyrie",,0.423728814,0.423728814,1.242741435
"Isaac, Jonathan",0.235294118,0.5,0.333333333,0.763647721
"Iwundu, Wes",0.12,0.375,0.155172414,0.558701179
"Jack, Jarrett",0,0.444444444,0.421052632,0.79054144
"Jackson, Demetrius",0,,0,0.480627516
"Jackson, Josh",0.476190476,0.529411765,0.5,0.896345089
"Jackson, Justin",0.148148148,0.368421053,0.276923077,0.574991468
"Jackson, Reggie",,0.463414634,0.463414634,0.98947856
"James, LeBron",,0.525641026,0.525641026,1.53573883
"James, Mike",0.307692308,0.6,0.388888889,0.995525248
"Jefferson, Al",0.272727273,1,0.294117647,1.111715699
"Jefferson, Richard",0,,0,0.410138435
"Jennings, Brandon",0.1,,0.1,0.770962285
"Jerebko, Jonas",0.132075472,0.555555556,0.23943662,0.737584691
"Johnson, Amir",0.2,0.615384615,0.279411765,0.89694202
"Johnson, Brice",0.055555556,,0.055555556,1.097644782
"Johnson, Dakari",0,0.5,0.068965517,0.99418628
"Johnson, James",0.34375,0.459459459,0.405797101,0.956808727
"Johnson, Joe",0.265306122,0.333333333,0.269230769,0.613782516
"Johnson, Stanley",0.368421053,0.422222222,0.40625,0.667299582
"Johnson, Tyler",0.424242424,0.416666667,0.420289855,0.770447034
"Johnson, Wesley",0.176470588,0.4,0.289855072,0.656239638
"Jokic, Nikola",0,0.507246377,0.486111111,1.388490716
"Jones, Damian",0.083333333,,0.083333333,0.424361587
"Jones, Derrick",0.090909091,0.25,0.157894737,0.659314544
"Jones, Jalen",0.333333333,,0.333333333,0.594032989
"Jones, Tyus",0.161764706,0.545454545,0.215189873,0.742637517
"Jordan, DeAndre",0,0.436619718,0.430555556,1.152651509
"Joseph, Cory",0.467741935,0.352941176,0.443037975,0.70350287
"Kaminsky, Frank",0.362318841,0.25,0.356164384,0.826041099
"Kanter, Enes",,0.47826087,0.47826087,1.233611134
"Kennard, Luke",0.285714286,0.5,0.298507463,0.72635004
"Kidd-Gilchrist, Michael",0,0.323076923,0.313432836,0.70993045
"Kilpatrick, Sean",0.255319149,,0.255319149,0.663134578
"Kleber, Maxi",0.228571429,0.322580645,0.272727273,0.702268442
"Korkmaz, Furkan",0.083333333,,0.083333333,0.926609798
"Kornet, Luke",0.333333333,,0.333333333,0.896524682
"Korver, Kyle",0.367647059,0.666666667,0.38028169,0.716611209
"Koufos, Kosta",0.372881356,0.8,0.434782609,0.966115394
"Kuzma, Kyle",0.435897436,0.527777778,0.48,0.939249088
"Kuzminskas, Mindaugas",0,,0,0
"Labissiere, Skal",0.21875,0.464285714,0.333333333,0.903027374
"Lamb, Jeremy",0.357142857,0.444444444,0.378378378,0.970818287
"Larkin, Shane",0.183673469,1,0.2,0.585450509
"Lauvergne, Joffrey",0.156862745,1,0.173076923,0.905867343
"LaVine, Zach",,0.391304348,0.391304348,1.044986529
"Layman, Jake",0,,0,0.534243496
"Leaf, TJ",0.039215686,,0.039215686,0.648213373
"Lee, Courtney",0.4,0.454545455,0.450704225,0.702257393
"Lee, Damion",0.5,0.555555556,0.545454545,0.847264511
"Lemon Jr., Walter",0,,0,#VALUE!
"Len, Alex",0.388888889,0.636363636,0.430769231,1.054974832
"Leonard, Kawhi",,0.333333333,0.333333333,1.332296011
"Leonard, Meyers",0.068965517,0.5,0.096774194,0.87864807
"Leuer, Jon",0,,0,0.795347005
"LeVert, Caris",0.525423729,0.333333333,0.5,0.967058711
"Liggins, DeAndre",0.063829787,0,0.058823529,0.461608832
"Lillard, Damian",,0.528571429,0.528571429,1.249892799
"Lin, Jeremy",,0,0,0.913302449
"Livingston, Shaun",0.112903226,0.428571429,0.144927536,0.746000546
"Looney, Kevon",0.233333333,0.666666667,0.253968254,0.793823473
"Lopez, Brook",0,0.415384615,0.391304348,1.015925495
"Lopez, Robin",0,0.423728814,0.396825397,0.820815484
"Love, Kevin",0,0.41509434,0.4,1.219928755
"Lowry, Kyle",0,0.405797101,0.4,1.143021667
"Luwawu, Timothe",0.162790698,0.428571429,0.2,0.627857634
"Lydon, Tyler",0,,0,0
"Lyles, Trey",0.463768116,0,0.450704225,1.006224449
"Mack, Shelvin",0.435483871,0.666666667,0.446153846,0.838533732
"Magette, Josh",0.176470588,,0.176470588,0.858656202
"Mahinmi, Ian",0.2,,0.2,0.804084627
"Maker, Thon",0.152542373,0.333333333,0.183098592,0.705036957
"Marjanovic, Boban",0.1875,1,0.212121212,1.251040804
"Markkanen, Lauri",,0.476923077,0.476923077,0.974534003
"Martin, Jarell",0.277777778,0.371428571,0.323943662,0.711137966
"Mason III, Frank",0.4,1,0.411764706,0.882337232
"Mathiang, Mangok",0,,0,0.920532222
"Matthews, Wes",,0.444444444,0.444444444,0.714141631
"Mbah a Moute, Luc",0.318181818,0.4,0.338983051,0.625744831
"McAdoo, James Michael",0,,0,0.693984192
"McCaw, Patrick",0.085106383,0.2,0.105263158,0.529278636
"McCollum, C.J.",,0.435897436,0.435897436,0.959351306
"McConnell, T.J",0,0.294117647,0.289855072,0.76351826
"McConnell, T.J.",,1,1,1.434073403
"McCree, Erik",0,,0,0.165
"McCullough, Chris",0,,0,1.095135211
"McDermott, Doug",0.256756757,0.25,0.256410256,0.605897518
"McGee, JaVale",0.153846154,0.454545455,0.206349206,1.102858172
"McGruder, Rodney",0.214285714,1,0.266666667,0.562074831
"McKinney Jones, Trey",0,,0,0
"McKinnie, Alfonzo",0,,0,0.414898113
"McLemore, Ben",0.15,0.636363636,0.254901961,0.670046259
"McRoberts, Josh",0,,0,0
"Meeks, Jodie",0.186666667,,0.186666667,0.721523584
"Mejri, Salah",0.288135593,,0.288135593,0.973448425
"Mickey, Jordan",0.2,0.333333333,0.217391304,0.783783869
"Middleton, Khris",,0.518987342,0.518987342,0.983319297
"Miles, C.J",0,0.266666667,0.258064516,0.844033871
"Miles, C.J.",,1,1,1.458519179
"Miller, Darius",0.337837838,0.5,0.342105263,0.572859368
"Miller, Malcolm",0,0,0,0.521929082
"Mills, Patty",0.255319149,0.5,0.35443038,0.729549315
"Millsap, Paul",0,0.5,0.485714286,1.049698697
"Mirotic, Nikola",0.487804878,0.555555556,0.5,1.106492556
"Mitchell, Donovan",0.5,0.470588235,0.473684211,1.004205335
"Mitrou-Long, Nazareth",,,,6.774193548
"Monk, Malik",0.25862069,,0.25862069,0.706962583
"Monroe, Greg",0.363636364,0.642857143,0.446808511,1.112589739
"Montero, Luis",0,,0,0.181628301
"Moore, Ben",0,,0,0.356531917
"Moore, E'Twaun",0.5,0.426666667,0.428571429,0.689950307
"Moreland, Eric",0.245901639,1,0.258064516,0.881256616
"Morris, Jaylen",0.4,,0.4,#VALUE!
"Morris, Marcus",0.46875,0.4,0.442307692,0.922214803
"Morris, Markieff",0,0.405797101,0.4,0.871619546
"Morris, Monte",0.333333333,,0.333333333,0.580777096
"Motley, Johnathan",0.142857143,1,0.25,1.663768677
"Mozgov, Timofey",0.117647059,0.25,0.172413793,0.700038508
"Mudiay, Emmanuel",0.4,0.333333333,0.387096774,0.992957386
"Muhammad, Shabazz",0.075,0.5,0.095238095,0.787619633
"Munford, Xavier",0,,0,0.443987228
"Murray, Dejounte",0.181818182,0.488888889,0.358974359,0.968133656
"Murray, Jamal",0,0.467532468,0.461538462,0.903528512
"Muscala, Mike",0.418604651,0.285714286,0.4,0.868710116
"Nader, Abdel",0.113636364,,0.113636364,0.562449765
"Nance, Larry",0.432432432,0.5,0.459016393,1.043087553
"Napier, Shabazz",0.322580645,0.777777778,0.38028169,0.795073267
"Nelson, Jameer",0.285714286,,0.285714286,0.671958052
"Neto, Raul",0.179487179,,0.179487179,0.724184373
"Niang, Georges",0,,0,1.186820377
"Noah, Joakim",0,,0,0.956860132
"Noel, Nerlens",0.347826087,0,0.275862069,0.980789472
"Nogueira, Lucas",0.119047619,0.5,0.136363636,0.961550027
"Nowitzki, Dirk",,0.506493506,0.506493506,0.980875355
"Ntilikina, Frank",0.338235294,0,0.319444444,0.645522445
"Nurkic, Jusuf",,0.407894737,0.407894737,1.185794527
"Nwaba, David",0.3125,0.588235294,0.384615385,0.750066767
"O'Bryant, Johnny",0.2,,0.2,0.883122985
"Ojeleye, Semi",0.043478261,,0.043478261,0.356066277
"Okafor, Emeka",0.1,0.5,0.333333333,0.917307402
"Okafor, Jahlil",0.269230769,,0.269230769,0.876146183
"Oladipo, Victor",,0.438356164,0.438356164,1.238332704
"Olynyk, Kelly",0.480769231,0.333333333,0.438356164,1.049497559
"O'Neale, Royce",0.225806452,0.75,0.257575758,0.748294891
"O'Quinn, Kyle",0.369230769,0.833333333,0.408450704,1.11478744
"Osman, Cedi",0.083333333,0.5,0.155172414,0.663750416
"Oubre, Kelly",0.441176471,0.5,0.448717949,0.806174055
"Pachulia, Zaza",0.105263158,0.361702128,0.287878788,0.989075134
"Paige, Marcus",0,,0,1.001488095
"Papagiannis, Georgios",0,,0,0.93552313
"Parker, Jabari",0.444444444,0,0.428571429,0.95421866
"Parker, Tony",0.35483871,0.238095238,0.307692308,0.802816238
"Parsons, Chandler",0.37037037,0.375,0.371428571,0.817639569
"Patterson, Patrick",0.106666667,0.666666667,0.128205128,0.604519774
"Patton, Justin",0,,0,1.071428571
"Paul, Brandon",0.050847458,1,0.081967213,0.525806566
"Paul, Chris",,0.392857143,0.392857143,1.31039908
"Payne, Adreian",0,,0,0.944574845
"Payne, Cameron",0.727272727,0.3,0.523809524,0.937280441
"Payton, Elfrid",,0.426229508,0.426229508,1.020730648
"Payton, Gary",0,0.5,0.066666667,0.508425633
"Perrantes, London",0,,0,0.318854006
"Peters, Alec",0,,0,0.56335693
"Plumlee, Marshall",0,,0,0.562670727
"Plumlee, Mason",0.4,0.653846154,0.492957746,0.976937115
"Plumlee, Miles",0.181818182,0.233333333,0.211538462,0.712565629
"Poeltl, Jakob",0.351351351,,0.351351351,0.884030562
"Pondexter, Quincy",0.045454545,0,0.043478261,0.501880833
"Porter, Otto",,0.391891892,0.391891892,0.962289545
"Portis, Bobby",0.369230769,0.666666667,0.382352941,1.170607747
"Porzingis, Kristaps",0,0.456521739,0.446808511,1.218568463
"Powell, Dwight",0.472727273,0.428571429,0.460526316,0.894648465
"Powell, Norman",0.25,0.384615385,0.278688525,0.70835263
"Poythress, Alex",0,,0,0.617885251
"Prince, Taurean",0,0.461538462,0.455696203,0.854662405
"Pullen, Jacob",0,,0,0.135746606
"Purvis, Rodney",0.125,0,0.1,0.557898896
"Qi, Zhou",0,,0,0.683669428
"Quarterman, Tim",0,,0,1.069160014
"Rabb, Ivan",0.258064516,1,0.28125,0.848052831
"Randle, Julius",0.515151515,0.545454545,0.532467532,1.162418761
"Randolph, Zach",1,0.431034483,0.440677966,1.048411339
"Rathan-Mayes, Xavier",0.25,,0.25,0.603022698
"Redick, J.J.",,0.560606061,0.560606061,0.880635786
"Reed, Davon",0.058823529,,0.058823529,0.59247234
"Reed, Willie",0.25,0.25,0.25,0.870273966
"Richardson, Josh",,0.448717949,0.448717949,0.795994794
"Richardson, Malachi",0.045454545,0,0.041666667,0.517499705
"Rivers, Austin",0,0.464285714,0.448275862,0.807127396
"Roberson, Andre",,0.486486486,0.486486486,0.621012309
"Robinson III, Glenn",0.1,,0.1,0.525978271
"Rondo, Rajon",0.333333333,0.368421053,0.366666667,1.022145828
"Rose, Derrick",0.266666667,0.142857143,0.227272727,0.756980974
"Ross, Terrence",0.5,0.5,0.5,0.71404943
"Rozier, Terry",0.390625,0.384615385,0.38961039,0.92862496
"Rubio, Ricky",0,0.520547945,0.513513514,0.996861726
"Russell, D'Angelo",0.153846154,0.6,0.465116279,1.134008324
"Sabonis, Domantas",0.326923077,0.578947368,0.394366197,1.038693608
"Sampson, JaKarr",0.375,0.666666667,0.421052632,0.732050667
"Saric, Dario",0,0.529411765,0.5,0.98103479
"Satoransky, Tomas",0.19047619,0.5,0.314285714,0.811491834
"Schroder, Dennis",,0.462686567,0.462686567,1.100694734
"Scott, Mike",0.347222222,0,0.342465753,0.78581083
"Sefolosha, Thabo",0.3125,0.833333333,0.394736842,0.842404007
"Selden, Wayne",0.32,0.333333333,0.323529412,0.763044633
"Sessions, Ramon",0.347826087,0.666666667,0.384615385,0.738361478
"Shumpert, Iman",0.111111111,0.6,0.285714286,0.494341862
"Siakam, Pascal",0.420289855,1,0.452054795,0.871876063
"Silas, Xavier",0,,0,0.307517085
"Simmons, Ben",,0.4,0.4,1.264368609
"Simmons, Jonathon",0.421052632,0.346938776,0.367647059,0.793431795
"Simmons, Kobi",0.2,0.375,0.25,0.515082309
"Singler, Kyle",0,,0,0.77244949
"Smart, Marcus",0.395348837,0.545454545,0.425925926,0.826644964
"Smith Jr., Dennis",,0.447761194,0.447761194,0.99407642
"Smith, Ishmael",0.452380952,0.352941176,0.407894737,0.894042815
"Smith, J.R",,0.416666667,0.416666667,0.58895612
"Smith, J.R.",,0.359375,0.359375,0.585506436
"Smith, Jason",0.068965517,0,0.066666667,0.783870278
"Smith, Josh",0,,0,0.336538462
"Snell, Tony",0.1875,0.321428571,0.291666667,0.481717651
"Speights, Marreese",0.347826087,0.333333333,0.346938776,1.02635021
"Stauskas, Nik",0.138888889,,0.138888889,0.550897163
"Stephenson, Lance",0.410958904,0.666666667,0.430379747,0.905918942
"Stockton, David",0,,0,1.102489565
"Stone, Julyan",0.052631579,,0.052631579,0.679936017
"Swanigan, Caleb",0.045454545,0,0.043478261,0.768462074
"Tatum, Jayson",,0.402597403,0.402597403,0.848052644
"Taylor, Isaiah",,,,0.758602704
"Teague, Jeff",,0.447761194,0.447761194,0.945675476
"Teague, Marquis",0.333333333,,0.333333333,0.612471198
"Teletovic, Mirza",0.5,,0.5,0.776624751
"Temple, Garrett",0.322580645,0.411764706,0.369230769,0.653172993
"Teodosic, Milos",0.2,0.454545455,0.395348837,0.847722604
"Terry, Jason",0.093023256,0.5,0.127659574,0.487414701
"Theis, Daniel",0.283333333,0.666666667,0.301587302,0.92836311
"Thomas, Isaiah",0.352941176,0.266666667,0.3125,0.952748716
"Thomas, Lance",0.1,0.137931034,0.115942029,0.496039661
"Thompson, Klay",,0.342857143,0.342857143,0.929499152
"Thompson, Tristan",0.259259259,0.363636364,0.306122449,0.77447674
"Thornwell, Sindarius",0.092592593,0.333333333,0.144927536,0.637615952
"Tolliver, Anthony",0.333333333,0.8,0.397260274,0.709543282
"Towns, Karl-Anthony",,0.455696203,0.455696203,1.282420881
"Tucker, P.J",,0.307692308,0.307692308,0.607601951
"Tucker, P.J.",,0.518518519,0.518518519,0.631307083
"Turner, Evan",0.256410256,0.378378378,0.315789474,0.642724043
"Turner, Myles",0.333333333,0.389830508,0.387096774,0.973525587
"Udoh, Ekpe",0.122807018,0.666666667,0.15,0.78085385
"Ulis, Tyler",0.259259259,0.475,0.388059701,0.708682983
"Valanciunas, Jonas",0,0.463768116,0.457142857,1.1934714
"Valentine, Denzel",0.41025641,0.432432432,0.421052632,0.857803453
"VanVleet, Fred",0.492753623,,0.492753623,0.931117233
"Vaughn, Rashad",0.111111111,,0.111111111,0.430438003
"Vonleh, Noah",0.263157895,0.625,0.37037037,0.847759402
"Vucevic, Nikola",,0.5,0.5,1.257903872
"Wade, Dwyane",0.426229508,0,0.40625,1.030165774
"Waiters, Dion",,0.379310345,0.379310345,0.795718329
"Walker, Kemba",,0.472972973,0.472972973,1.100860439
"Wall, John",,0.45,0.45,1.226720346
"Wallace, Tyrone",0.375,0.411764706,0.4,0.689229469
"Walton Jr., Derrick",0.0625,,0.0625,0.740095419
"Warney, Jameel",0,,0,1.038145644
"Warren, T.J.",0,0.53125,0.523076923,0.920055697
"Wear, Travis",0.153846154,,0.153846154,0.710547379
"Webb, James",0,,0,0.425374722
"Weber, Briante",0.166666667,,0.166666667,0.777807134
"West, David",0.442857143,,0.442857143,1.227616042
"Westbrook, Russell",,0.460526316,0.460526316,1.583789762
"White, Andrew",0.333333333,,0.333333333,0.556655075
"White, Derrick",0.117647059,,0.117647059,0.61953741
"White, Okaro",0,0,0,0.461412331
"Whitehead, Isaiah",0.3125,,0.3125,0.930009609
"Whiteside, Hassan",,0.450980392,0.450980392,1.34704545
"Wiggins, Andrew",,0.405063291,0.405063291,0.812470321
"Wiley, Jacob",0.2,,0.2,0.507306766
"Wilkins, Damien",0,1,0.052631579,0.4518574
"Williams, Alan",0.2,,0.2,0.859012247
"Williams, C.J",0,0.125,0.055555556,0.520748181
"Williams, C.J.",0,0.375,0.352941176,0.592285181
"Williams, Derrick",0,,0,0.200617284
"Williams, Louis",0.438596491,0.368421053,0.421052632,1.097402811
"Williams, Marvin",,0.416666667,0.416666667,0.75525205
"Williams, Matt",0,,0,0.945167771
"Williams, Troy",0.444444444,1,0.473684211,0.89088755
"Wilson, D.J",0,0,0,0.615377201
"Wilson, Jamil",0,0.555555556,0.357142857,0.782441687
"Winslow, Justise",0.425,0.28,0.369230769,0.80607976
"Withey, Jeff",0,,0,0.810872422
"Wolters, Nate",0,,0,0.296909932
"Wright, Brandan",0.269230769,1,0.296296296,0.888150185
"Wright, Delon",0.350877193,0.5,0.360655738,0.893439987
"Yabusele, Guerschon",0,0.5,0.032258065,0.709000386
"Young, James",0,,0,0.392096753
"Young, Joseph",0.1,0,0.098039216,0.682456745
"Young, Nick",0.202898551,0.5,0.233766234,0.670299104
"Young, Thaddeus",,0.379746835,0.379746835,0.822744361
"Zeller, Cody",0.25,,0.25,0.891267244
"Zeller, Tyler",0.352941176,0.551724138,0.444444444,0.863669377
"Zipser, Paul",0.047619048,0.3,0.096153846,0.577319545
"Zizic, Ante",0.142857143,1,0.172413793,0.887892256
"Zubac, Ivica",0.205128205,,0.205128205,0.745266558
Grand Total,0.250408021,0.43700418,0.339365596,
