,Player,Position,Confirmed,Team,Oppt,DvP,Line,PowerPlay,Projection,Salary,Value,Nickname,Total,WinPct,OpptTotal
0,Jack_Eichel_,C,_,BUF,FLA,24th,1,1,5.9,8000.0,0.7375,BUF,3.151,0.5454545454545454,2.849
1,C._Hutton_,G,_,BUF,FLA,24th,1,_,4.5,8200.0,0.5487804878048781,BUF,3.151,0.5454545454545454,2.849
2,Jeff_Skinner_,W,_,BUF,FLA,23rd,1,1,4.3,7000.0,0.6142857142857142,BUF,3.151,0.5454545454545454,2.849
3,R._Ristolainen_,D,_,BUF,FLA,28th,2,1,3.9,5500.0,0.7090909090909091,BUF,3.151,0.5454545454545454,2.849
4,Sam_Reinhart_,W,_,BUF,FLA,23rd,1,1,3.8,6100.0,0.6229508196721312,BUF,3.151,0.5454545454545454,2.849
5,R._Dahlin_,D,_,BUF,FLA,28th,1,1,3.1,4600.0,0.673913043478261,BUF,3.151,0.5454545454545454,2.849
6,Zach_Bogosian_,D,_,BUF,FLA,28th,1,_,1.8,3500.0,0.5142857142857143,BUF,3.151,0.5454545454545454,2.849
7,Evan_Rodrigues_,W,_,BUF,FLA,23rd,2,2,1.8,2700.0,0.6666666666666666,BUF,3.151,0.5454545454545454,2.849
8,Kyle_Okposo_,W,_,BUF,FLA,23rd,3,2,1.5,3700.0,0.4054054054054054,BUF,3.151,0.5454545454545454,2.849
9,B._Guhle_,D,_,BUF,FLA,28th,3,_,1.5,3000.0,0.5,BUF,3.151,0.5454545454545454,2.849
10,M._Scandella_,D,_,BUF,FLA,28th,2,2,1.4,2600.0,0.5384615384615384,BUF,3.151,0.5454545454545454,2.849
11,C._Sheary_,W,_,BUF,FLA,23rd,3,2,1.4,4000.0,0.35,BUF,3.151,0.5454545454545454,2.849
12,C._Mittelstadt_,C,_,BUF,FLA,24th,2,2,1.4,3500.0,0.39999999999999997,BUF,3.151,0.5454545454545454,2.849
13,Z._Girgensons_,W,_,BUF,FLA,23rd,4,_,1.3,2500.0,0.52,BUF,3.151,0.5454545454545454,2.849
14,J._Pominville_,W,_,BUF,FLA,23rd,2,_,1.3,3200.0,0.40625,BUF,3.151,0.5454545454545454,2.849
15,Matt_Hunwick_,D,_,BUF,FLA,28th,3,_,1.3,2900.0,0.4482758620689655,BUF,3.151,0.5454545454545454,2.849
16,J._Larsson_,C,_,BUF,FLA,24th,4,_,1.1,2500.0,0.44000000000000006,BUF,3.151,0.5454545454545454,2.849
17,Tage_Thompson_,W,_,BUF,FLA,23rd,4,_,1.0,2600.0,0.3846153846153846,BUF,3.151,0.5454545454545454,2.849
18,V._Sobotka_,C,_,BUF,FLA,24th,3,_,0.8,2500.0,0.32,BUF,3.151,0.5454545454545454,2.849
19,Mark_Scheifele_,C,_,WPG,LAK,27th,1,1,5.8,7700.0,0.7532467532467532,WIN,3.387,0.6153846153846154,2.613
20,C._Hellebuyck_,G,_,WPG,LAK,29th,1,_,5.3,7900.0,0.670886075949367,WIN,3.387,0.6153846153846154,2.613
21,B._Wheeler_,W,_,WPG,LAK,14th,1,1,5.2,7400.0,0.7027027027027027,WIN,3.387,0.6153846153846154,2.613
22,D._Byfuglien_,D,_,WPG,LAK,13th,2,1,4.7,6000.0,0.7833333333333333,WIN,3.387,0.6153846153846154,2.613
23,P._Laine_,W,_,WPG,LAK,14th,2,1,4.5,6800.0,0.6617647058823529,WIN,3.387,0.6153846153846154,2.613
24,N._Ehlers_,W,_,WPG,LAK,14th,1,2,3.7,5700.0,0.6491228070175439,WIN,3.387,0.6153846153846154,2.613
25,Josh_Morrissey_,D,_,WPG,LAK,13th,1,2,3.5,4800.0,0.7291666666666667,WIN,3.387,0.6153846153846154,2.613
26,M._Perreault_,W,_,WPG,LAK,14th,3,2,3.0,3400.0,0.8823529411764706,WIN,3.387,0.6153846153846154,2.613
27,Kyle_Connor_,W,_,WPG,LAK,14th,2,1,3.0,5500.0,0.5454545454545454,WIN,3.387,0.6153846153846154,2.613
28,T._Myers_,D,_,WPG,LAK,13th,3,2,2.9,3800.0,0.7631578947368421,WIN,3.387,0.6153846153846154,2.613
29,B._Tanev_,W,_,WPG,LAK,14th,3,_,2.4,3500.0,0.6857142857142857,WIN,3.387,0.6153846153846154,2.613
30,B._Little_,C,_,WPG,LAK,27th,2,2,2.2,3800.0,0.5789473684210527,WIN,3.387,0.6153846153846154,2.613
31,J._Trouba_,D,_,WPG,LAK,13th,1,_,1.9,4300.0,0.4418604651162791,WIN,3.387,0.6153846153846154,2.613
32,Adam_Lowry_,C,_,WPG,LAK,27th,3,_,1.7,3100.0,0.5483870967741935,WIN,3.387,0.6153846153846154,2.613
33,Ben_Chiarot_,D,_,WPG,LAK,13th,2,_,1.6,2600.0,0.6153846153846154,WIN,3.387,0.6153846153846154,2.613
34,D._Kulikov_,D,_,WPG,LAK,13th,3,_,1.6,2500.0,0.64,WIN,3.387,0.6153846153846154,2.613
35,M._Appleton_,W,_,WPG,LAK,14th,4,_,1.0,2500.0,0.4,WIN,3.387,0.6153846153846154,2.613
36,Jack_Roslovic_,C,_,WPG,LAK,27th,4,_,0.9,2500.0,0.36,WIN,3.387,0.6153846153846154,2.613
37,B._Lemieux_,W,_,WPG,LAK,14th,4,_,0.8,2500.0,0.32,WIN,3.387,0.6153846153846154,2.613
38,S._Stamkos_,C,_,TBL,VAN,10th,1,1,5.5,7200.0,0.7638888888888888,TAM,3.864,0.6666666666666666,2.636
39,A._Vasilevskiy_,G,_,TBL,VAN,1st,1,_,5.3,8400.0,0.6309523809523809,TAM,3.864,0.6666666666666666,2.636
40,E._Pasquale_,G,_,TBL,VAN,1st,_,_,4.4,6500.0,0.676923076923077,TAM,3.864,0.6666666666666666,2.636
41,B._Point_,C,_,TBL,VAN,10th,2,1,4.3,6900.0,0.6231884057971014,TAM,3.864,0.6666666666666666,2.636
42,L._Domingue_,G,_,TBL,VAN,1st,2,_,4.3,8300.0,0.5180722891566264,TAM,3.864,0.6666666666666666,2.636
43,N._Kucherov_,W,_,TBL,VAN,1st,2,1,4.1,7900.0,0.5189873417721518,TAM,3.864,0.6666666666666666,2.636
44,T._Johnson_,W,_,TBL,VAN,1st,2,2,4.0,5800.0,0.6896551724137931,TAM,3.864,0.6666666666666666,2.636
45,V._Hedman_,D,_,TBL,VAN,11th,1,1,3.7,5600.0,0.6607142857142858,TAM,3.864,0.6666666666666666,2.636
46,A._Cirelli_,C,_,TBL,VAN,10th,3,_,3.6,4300.0,0.8372093023255814,TAM,3.864,0.6666666666666666,2.636
47,Alex_Killorn_,W,_,TBL,VAN,1st,3,2,3.2,4400.0,0.7272727272727273,TAM,3.864,0.6666666666666666,2.636
48,A._Stralman_,D,_,TBL,VAN,11th,3,_,2.6,3900.0,0.6666666666666667,TAM,3.864,0.6666666666666666,2.636
49,O._Palat_,W,_,TBL,VAN,1st,1,2,2.6,4700.0,0.5531914893617021,TAM,3.864,0.6666666666666666,2.636
50,J.T._Miller_,W,_,TBL,VAN,1st,3,2,2.4,4200.0,0.5714285714285714,TAM,3.864,0.6666666666666666,2.636
51,Dan_Girardi_,D,_,TBL,VAN,11th,1,_,2.3,3600.0,0.6388888888888888,TAM,3.864,0.6666666666666666,2.636
52,Ryan_McDonagh_,D,_,TBL,VAN,11th,2,_,2.2,4400.0,0.5,TAM,3.864,0.6666666666666666,2.636
53,M._Sergachev_,D,_,TBL,VAN,11th,3,2,2.1,4000.0,0.525,TAM,3.864,0.6666666666666666,2.636
54,Erik_Cernak_,D,_,TBL,VAN,11th,2,_,1.5,3200.0,0.46875,TAM,3.864,0.6666666666666666,2.636
55,Y._Gourde_,W,_,TBL,VAN,1st,1,1,1.3,4800.0,0.27083333333333337,TAM,3.864,0.6666666666666666,2.636
56,Ryan_Callahan_,W,_,TBL,VAN,1st,4,_,1.1,2500.0,0.44000000000000006,TAM,3.864,0.6666666666666666,2.636
57,C._Paquette_,C,_,TBL,VAN,10th,4,_,0.9,2600.0,0.34615384615384615,TAM,3.864,0.6666666666666666,2.636
58,Adam_Erne_,W,_,TBL,VAN,1st,4,_,0.8,2600.0,0.3076923076923077,TAM,3.864,0.6666666666666666,2.636
59,J._Gaudreau_,W,_,CGY,DAL,30th,1,1,5.4,7600.0,0.7105263157894738,CGY,3.151,0.5454545454545454,2.849
60,Mark_Giordano_,D,_,CGY,DAL,24th,1,1,5.2,6800.0,0.7647058823529412,CGY,3.151,0.5454545454545454,2.849
61,D._Rittich_,G,_,CGY,DAL,21st,1,_,4.5,7700.0,0.5844155844155844,CGY,3.151,0.5454545454545454,2.849
62,Sean_Monahan_,C,_,CGY,DAL,9th,1,1,4.1,7300.0,0.5616438356164383,CGY,3.151,0.5454545454545454,2.849
63,M._Tkachuk_,W,_,CGY,DAL,30th,2,1,3.9,6700.0,0.582089552238806,CGY,3.151,0.5454545454545454,2.849
64,E._Lindholm_,W,_,CGY,DAL,30th,1,1,3.4,6600.0,0.5151515151515151,CGY,3.151,0.5454545454545454,2.849
65,T._Hamonic_,D,_,CGY,DAL,24th,2,_,2.5,4000.0,0.625,CGY,3.151,0.5454545454545454,2.849
66,M._Backlund_,C,_,CGY,DAL,9th,2,2,2.2,4000.0,0.55,CGY,3.151,0.5454545454545454,2.849
67,Noah_Hanifin_,D,_,CGY,DAL,24th,2,2,2.1,3500.0,0.6,CGY,3.151,0.5454545454545454,2.849
68,R._Andersson_,D,_,CGY,DAL,24th,3,_,1.9,2500.0,0.76,CGY,3.151,0.5454545454545454,2.849
69,T.J._Brodie_,D,_,CGY,DAL,24th,1,_,1.8,3400.0,0.5294117647058824,CGY,3.151,0.5454545454545454,2.849
70,K._Rychel_,W,_,CGY,DAL,30th,3,_,1.7,2600.0,0.6538461538461539,CGY,3.151,0.5454545454545454,2.849
71,Mark_Jankowski_,C,_,CGY,DAL,9th,4,2,1.7,2700.0,0.6296296296296295,CGY,3.151,0.5454545454545454,2.849
72,D._Ryan_,C,_,CGY,DAL,9th,3,2,1.5,3100.0,0.48387096774193544,CGY,3.151,0.5454545454545454,2.849
73,Alan_Quine_,W,_,CGY,DAL,30th,4,_,1.5,2700.0,0.5555555555555555,CGY,3.151,0.5454545454545454,2.849
74,O._Kylington_,D,_,CGY,DAL,24th,3,_,1.3,2600.0,0.5,CGY,3.151,0.5454545454545454,2.849
75,A._Czarnik_,W,_,CGY,DAL,30th,2,_,1.3,2500.0,0.52,CGY,3.151,0.5454545454545454,2.849
76,Sam_Bennett_DTD,W,_,CGY,DAL,30th,3,2,1.2,3000.0,0.39999999999999997,CGY,3.151,0.5454545454545454,2.849
77,G._Hathaway_,W,_,CGY,DAL,30th,4,_,1.1,2500.0,0.44000000000000006,CGY,3.151,0.5454545454545454,2.849
78,C._McDavid_,C,_,EDM,STL,20th,1,1,5.3,8200.0,0.6463414634146342,EDM,3.334,0.6,2.666
79,Cam_Talbot_,G,_,EDM,STL,12th,2,_,4.7,8100.0,0.5802469135802469,EDM,3.334,0.6,2.666
80,Leon_Draisaitl_,W,_,EDM,STL,26th,1,1,4.6,7100.0,0.647887323943662,EDM,3.334,0.6,2.666
81,D._Nurse_,D,_,EDM,STL,8th,1,1,3.9,5700.0,0.6842105263157895,EDM,3.334,0.6,2.666
82,Ryan_Nugent-Hopkins_,C,_,EDM,STL,20th,2,1,3.1,5600.0,0.5535714285714286,EDM,3.334,0.6,2.666
83,Alex_Chiasson_,W,_,EDM,STL,26th,1,1,3.1,4900.0,0.6326530612244897,EDM,3.334,0.6,2.666
84,Adam_Larsson_,D,_,EDM,STL,8th,1,_,2.4,3800.0,0.631578947368421,EDM,3.334,0.6,2.666
85,C._Jones_,D,_,EDM,STL,8th,2,_,1.8,2500.0,0.72,EDM,3.334,0.6,2.666
86,J._Garrison_,D,_,EDM,STL,8th,3,2,1.8,2600.0,0.6923076923076923,EDM,3.334,0.6,2.666
87,K._Gravel_,D,_,EDM,STL,8th,2,_,1.7,2500.0,0.6799999999999999,EDM,3.334,0.6,2.666
88,J._Khaira_,W,_,EDM,STL,26th,4,_,1.4,3000.0,0.4666666666666666,EDM,3.334,0.6,2.666
89,Matt_Benning_,D,_,EDM,STL,8th,3,2,1.3,3000.0,0.43333333333333335,EDM,3.334,0.6,2.666
90,J._Puljujarvi_,W,_,EDM,STL,26th,4,2,1.2,2900.0,0.41379310344827586,EDM,3.334,0.6,2.666
91,D._Caggiula_,W,_,EDM,STL,26th,4,2,1.2,2800.0,0.4285714285714286,EDM,3.334,0.6,2.666
92,Zack_Kassian_,W,_,EDM,STL,26th,3,_,1.1,2500.0,0.44000000000000006,EDM,3.334,0.6,2.666
93,T._Rieder_,W,_,EDM,STL,26th,2,_,1.1,2700.0,0.40740740740740744,EDM,3.334,0.6,2.666
94,Kyle_Brodziak_,C,_,EDM,STL,20th,3,_,1.1,2500.0,0.44000000000000006,EDM,3.334,0.6,2.666
95,M._Lucic_,W,_,EDM,STL,26th,3,2,1.0,2600.0,0.3846153846153846,EDM,3.334,0.6,2.666
96,Ty_Rattie_,W,_,EDM,STL,26th,2,_,0.9,2600.0,0.34615384615384615,EDM,3.334,0.6,2.666
97,D._Dubnyk_,G,_,MIN,SJS,7th,1,_,4.7,7800.0,0.6025641025641026,MIN,3.036,0.5108342361863488,2.964
98,Zach_Parise_,W,_,MIN,SJS,5th,2,1,3.6,6000.0,0.6,MIN,3.036,0.5108342361863488,2.964
99,J._Spurgeon_,D,_,MIN,SJS,3rd,1,1,3.3,5000.0,0.6599999999999999,MIN,3.036,0.5108342361863488,2.964
100,Eric_Staal_,C,_,MIN,SJS,19th,1,1,3.1,5900.0,0.5254237288135593,MIN,3.036,0.5108342361863488,2.964
101,Ryan_Suter_,D,_,MIN,SJS,3rd,1,1,3.0,5400.0,0.5555555555555555,MIN,3.036,0.5108342361863488,2.964
102,M._Granlund_,W,_,MIN,SJS,5th,1,1,3.0,6300.0,0.4761904761904762,MIN,3.036,0.5108342361863488,2.964
103,J._Zucker_,W,_,MIN,SJS,5th,3,2,2.6,5100.0,0.5098039215686275,MIN,3.036,0.5108342361863488,2.964
104,Nino_Niederreiter_,W,_,MIN,SJS,5th,2,2,2.5,4200.0,0.5952380952380952,MIN,3.036,0.5108342361863488,2.964
105,C._Coyle_,C,_,MIN,SJS,19th,2,2,2.4,4200.0,0.5714285714285714,MIN,3.036,0.5108342361863488,2.964
106,J._Brodin_,D,_,MIN,SJS,3rd,2,2,2.2,3500.0,0.6285714285714287,MIN,3.036,0.5108342361863488,2.964
107,Nick_Seeler_,D,_,MIN,SJS,3rd,3,_,1.7,2800.0,0.6071428571428572,MIN,3.036,0.5108342361863488,2.964
108,Eric_Fehr_,W,_,MIN,SJS,5th,4,_,1.6,2700.0,0.5925925925925926,MIN,3.036,0.5108342361863488,2.964
109,M._Koivu_,C,_,MIN,SJS,19th,3,2,1.5,3900.0,0.38461538461538464,MIN,3.036,0.5108342361863488,2.964
110,Greg_Pateryn_,D,_,MIN,SJS,3rd,2,_,1.5,2500.0,0.6,MIN,3.036,0.5108342361863488,2.964
111,M._Foligno_,W,_,MIN,SJS,5th,4,_,1.4,2500.0,0.5599999999999999,MIN,3.036,0.5108342361863488,2.964
112,J._Greenway_,W,_,MIN,SJS,5th,1,_,1.3,3300.0,0.393939393939394,MIN,3.036,0.5108342361863488,2.964
113,Joel_Eriksson_Ek_,C,_,MIN,SJS,19th,4,_,1.1,2500.0,0.44000000000000006,MIN,3.036,0.5108342361863488,2.964
114,Luke_Kunin_,C,_,MIN,SJS,19th,3,_,1.1,2500.0,0.44000000000000006,MIN,3.036,0.5108342361863488,2.964
115,Nate_Prosser_,D,_,MIN,SJS,3rd,3,_,1.0,2700.0,0.37037037037037035,MIN,3.036,0.5108342361863488,2.964
116,F._Andersen_,G,_,TOR,NJD,17th,1,_,4.7,8100.0,0.5802469135802469,TOR,3.612,0.6,2.888
117,M._Rielly_,D,_,TOR,NJD,21st,1,1,3.9,6600.0,0.5909090909090909,TOR,3.612,0.6,2.888
118,G._Sparks_,G,_,TOR,NJD,17th,2,_,3.8,7900.0,0.48101265822784806,TOR,3.612,0.6,2.888
119,John_Tavares_,C,_,TOR,NJD,8th,1,1,3.7,7100.0,0.5211267605633804,TOR,3.612,0.6,2.888
120,M._Marner_,W,_,TOR,NJD,24th,1,1,3.5,6900.0,0.5072463768115941,TOR,3.612,0.6,2.888
121,A._Matthews_,C,_,TOR,NJD,8th,2,1,3.4,8100.0,0.4197530864197531,TOR,3.612,0.6,2.888
122,Jake_Gardiner_,D,_,TOR,NJD,21st,2,2,3.4,4600.0,0.7391304347826088,TOR,3.612,0.6,2.888
123,N._Kadri_,C,_,TOR,NJD,8th,3,1,2.6,4500.0,0.5777777777777778,TOR,3.612,0.6,2.888
124,W._Nylander_,W,_,TOR,NJD,24th,3,2,2.4,5000.0,0.48,TOR,3.612,0.6,2.888
125,K._Kapanen_,W,_,TOR,NJD,24th,2,_,2.3,4500.0,0.5111111111111111,TOR,3.612,0.6,2.888
126,Zach_Hyman_,W,_,TOR,NJD,24th,1,_,2.3,4400.0,0.5227272727272726,TOR,3.612,0.6,2.888
127,A._Johnsson_,W,_,TOR,NJD,24th,2,2,2.2,4700.0,0.46808510638297873,TOR,3.612,0.6,2.888
128,T._Dermott_,D,_,TOR,NJD,21st,3,_,2.1,3100.0,0.6774193548387097,TOR,3.612,0.6,2.888
129,P._Marleau_,W,_,TOR,NJD,24th,3,2,2.0,4100.0,0.48780487804878053,TOR,3.612,0.6,2.888
130,N._Zaitsev_,D,_,TOR,NJD,21st,2,_,1.9,3000.0,0.6333333333333333,TOR,3.612,0.6,2.888
131,Igor_Ozhiganov_,D,_,TOR,NJD,21st,3,_,1.8,2500.0,0.72,TOR,3.612,0.6,2.888
132,Ron_Hainsey_,D,_,TOR,NJD,21st,1,_,1.5,3200.0,0.46875,TOR,3.612,0.6,2.888
133,T._Ennis_,W,_,TOR,NJD,24th,4,2,1.2,2700.0,0.4444444444444444,TOR,3.612,0.6,2.888
134,Par_Lindholm_,C,_,TOR,NJD,8th,4,_,1.1,2600.0,0.4230769230769231,TOR,3.612,0.6,2.888
135,C._Brown_,W,_,TOR,NJD,24th,4,_,1.1,2600.0,0.4230769230769231,TOR,3.612,0.6,2.888
136,P._Rinne_,G,_,NSH,CHI,23rd,1,_,4.7,8000.0,0.5875,NAS,3.334,0.6,2.666
137,R._Josi_,D,_,NSH,CHI,29th,1,1,3.9,6400.0,0.609375,NAS,3.334,0.6,2.666
138,J._Saros_,G,_,NSH,CHI,23rd,2,_,3.5,7800.0,0.44871794871794873,NAS,3.334,0.6,2.666
139,C._Smith_,W,_,NSH,CHI,31st,2,1,3.2,5500.0,0.5818181818181819,NAS,3.334,0.6,2.666
140,Ryan_Ellis_,D,_,NSH,CHI,29th,1,1,3.0,5200.0,0.5769230769230769,NAS,3.334,0.6,2.666
141,M._Ekholm_,D,_,NSH,CHI,29th,2,2,3.0,5100.0,0.5882352941176471,NAS,3.334,0.6,2.666
142,C._Sissons_,W,_,NSH,CHI,31st,3,1,2.6,4400.0,0.5909090909090908,NAS,3.334,0.6,2.666
143,Ryan_Johansen_,C,_,NSH,CHI,22nd,1,1,2.4,5200.0,0.4615384615384615,NAS,3.334,0.6,2.666
144,Matt_Irwin_,D,_,NSH,CHI,29th,3,_,2.1,3500.0,0.6,NAS,3.334,0.6,2.666
145,A._Watson_,W,_,NSH,CHI,31st,3,_,2.1,4200.0,0.5,NAS,3.334,0.6,2.666
146,Ryan_Hartman_,W,_,NSH,CHI,31st,1,2,2.0,4300.0,0.46511627906976744,NAS,3.334,0.6,2.666
147,Nick_Bonino_,C,_,NSH,CHI,22nd,3,_,1.8,3700.0,0.48648648648648646,NAS,3.334,0.6,2.666
148,Y._Weber_,D,_,NSH,CHI,29th,3,_,1.8,2600.0,0.6923076923076923,NAS,3.334,0.6,2.666
149,K._Fiala_,W,_,NSH,CHI,31st,1,2,1.7,4900.0,0.346938775510204,NAS,3.334,0.6,2.666
150,C._Jarnkrok_,W,_,NSH,CHI,31st,2,2,1.6,4000.0,0.4,NAS,3.334,0.6,2.666
151,Dan_Hamhuis_,D,_,NSH,CHI,29th,2,_,1.6,2500.0,0.64,NAS,3.334,0.6,2.666
152,Kyle_Turris_,C,_,NSH,CHI,22nd,2,2,1.3,4400.0,0.2954545454545454,NAS,3.334,0.6,2.666
153,M._Salomaki_,W,_,NSH,CHI,31st,4,_,1.3,2500.0,0.52,NAS,3.334,0.6,2.666
154,R._Grimaldi_,W,_,NSH,CHI,31st,4,_,1.2,2800.0,0.4285714285714286,NAS,3.334,0.6,2.666
155,F._Gaudreau_,C,_,NSH,CHI,22nd,4,_,0.8,2500.0,0.32,NAS,3.334,0.6,2.666
156,Timo_Meier_,W,_,SJS,MIN,3rd,1,2,4.7,6500.0,0.7230769230769231,SAN,2.964,0.5121951219512195,3.036
157,Erik_Karlsson_,D,_,SJS,MIN,17th,1,1,4.6,6200.0,0.7419354838709676,SAN,2.964,0.5121951219512195,3.036
158,L._Couture_,C,_,SJS,MIN,14th,1,1,4.6,6500.0,0.7076923076923076,SAN,2.964,0.5121951219512195,3.036
159,M._Jones_,G,_,SJS,MIN,20th,1,_,4.4,7300.0,0.6027397260273973,SAN,2.964,0.5121951219512195,3.036
160,B._Burns_,D,_,SJS,MIN,17th,2,2,3.9,6500.0,0.6,SAN,2.964,0.5121951219512195,3.036
161,T._Hertl_,W,_,SJS,MIN,3rd,1,1,3.7,5600.0,0.6607142857142858,SAN,2.964,0.5121951219512195,3.036
162,E._Kane_,W,_,SJS,MIN,3rd,2,2,3.4,5700.0,0.5964912280701754,SAN,2.964,0.5121951219512195,3.036
163,Joe_Pavelski_,C,_,SJS,MIN,14th,2,1,2.9,6100.0,0.4754098360655738,SAN,2.964,0.5121951219512195,3.036
164,B._Dillon_,D,_,SJS,MIN,17th,1,_,2.1,2800.0,0.7500000000000001,SAN,2.964,0.5121951219512195,3.036
165,J._Braun_,D,_,SJS,MIN,17th,3,_,2.0,3300.0,0.6060606060606061,SAN,2.964,0.5121951219512195,3.036
166,K._Labanc_,W,_,SJS,MIN,3rd,3,1,1.9,4000.0,0.475,SAN,2.964,0.5121951219512195,3.036
167,L._Radil_,C,_,SJS,MIN,14th,4,_,1.7,2500.0,0.6799999999999999,SAN,2.964,0.5121951219512195,3.036
168,M._Vlasic_,D,_,SJS,MIN,17th,3,_,1.5,3400.0,0.4411764705882353,SAN,2.964,0.5121951219512195,3.036
169,M._Sorensen_,W,_,SJS,MIN,3rd,3,_,1.5,2800.0,0.5357142857142857,SAN,2.964,0.5121951219512195,3.036
170,R._Simek_,D,_,SJS,MIN,17th,2,_,1.5,2600.0,0.5769230769230769,SAN,2.964,0.5121951219512195,3.036
171,Joe_Thornton_,C,_,SJS,MIN,14th,3,2,1.4,3200.0,0.43749999999999994,SAN,2.964,0.5121951219512195,3.036
172,J._Donskoi_,W,_,SJS,MIN,3rd,2,_,1.3,3200.0,0.40625,SAN,2.964,0.5121951219512195,3.036
173,M._Karlsson_,W,_,SJS,MIN,3rd,4,_,1.2,2600.0,0.4615384615384615,SAN,2.964,0.5121951219512195,3.036
174,B._Goodrow_,W,_,SJS,MIN,3rd,4,_,1.1,2500.0,0.44000000000000006,SAN,2.964,0.5121951219512195,3.036
175,D._Larkin_,C,_,DET,PHI,28th,1,1,4.6,6000.0,0.7666666666666666,DET,2.703,0.3508771929824561,3.797
176,J._Howard_,G,_,DET,PHI,26th,1,_,4.0,7400.0,0.5405405405405405,DET,2.703,0.3508771929824561,3.797
177,G._Nyquist_,W,_,DET,PHI,25th,1,1,3.3,5800.0,0.5689655172413793,DET,2.703,0.3508771929824561,3.797
178,J._Bernier_,G,_,DET,PHI,26th,2,_,3.1,7200.0,0.4305555555555556,DET,2.703,0.3508771929824561,3.797
179,D._Cholowski_,D,_,DET,PHI,30th,2,1,2.4,4400.0,0.5454545454545454,DET,2.703,0.3508771929824561,3.797
180,A._Athanasiou_,W,_,DET,PHI,25th,2,2,2.4,5300.0,0.4528301886792453,DET,2.703,0.3508771929824561,3.797
181,F._Nielsen_,C,_,DET,PHI,28th,2,1,2.1,4000.0,0.525,DET,2.703,0.3508771929824561,3.797
182,T._Bertuzzi_,W,_,DET,PHI,25th,3,2,1.9,3800.0,0.5,DET,2.703,0.3508771929824561,3.797
183,N._Kronwall_,D,_,DET,PHI,30th,1,2,1.9,3000.0,0.6333333333333333,DET,2.703,0.3508771929824561,3.797
184,J._Abdelkader_,W,_,DET,PHI,25th,1,_,1.8,3300.0,0.5454545454545455,DET,2.703,0.3508771929824561,3.797
185,F._Hronek_,D,_,DET,PHI,30th,3,_,1.8,2700.0,0.6666666666666666,DET,2.703,0.3508771929824561,3.797
186,Nick_Jensen_,D,_,DET,PHI,30th,1,_,1.7,2900.0,0.5862068965517241,DET,2.703,0.3508771929824561,3.797
187,T._Daley_,D,_,DET,PHI,30th,2,_,1.6,2900.0,0.5517241379310345,DET,2.703,0.3508771929824561,3.797
188,Luke_Glendening_,C,_,DET,PHI,28th,3,_,1.6,3500.0,0.4571428571428572,DET,2.703,0.3508771929824561,3.797
189,J._Ericsson_,D,_,DET,PHI,30th,3,_,1.5,2500.0,0.6,DET,2.703,0.3508771929824561,3.797
190,C._Ehn_,W,_,DET,PHI,25th,4,_,1.4,2600.0,0.5384615384615384,DET,2.703,0.3508771929824561,3.797
191,T._Vanek_,W,_,DET,PHI,25th,2,1,1.3,2900.0,0.4482758620689655,DET,2.703,0.3508771929824561,3.797
192,M._Frk_,W,_,DET,PHI,25th,4,2,1.2,2500.0,0.48,DET,2.703,0.3508771929824561,3.797
193,M._Rasmussen_,W,_,DET,PHI,25th,3,2,1.1,2500.0,0.44000000000000006,DET,2.703,0.3508771929824561,3.797
194,J._de_la_Rose_,C,_,DET,PHI,28th,4,_,1.0,2500.0,0.4,DET,2.703,0.3508771929824561,3.797
195,A._Georgiev_,G,_,NYR,ANA,8th,2,_,4.6,7400.0,0.6216216216216215,NYR,3.307,0.5918367346938775,2.693
196,K._Hayes_,C,_,NYR,ANA,7th,2,1,3.9,5400.0,0.7222222222222222,NYR,3.307,0.5918367346938775,2.693
197,Mika_Zibanejad_,C,_,NYR,ANA,7th,1,1,3.9,6200.0,0.6290322580645161,NYR,3.307,0.5918367346938775,2.693
198,P._Buchnevich_,W,_,NYR,ANA,19th,2,2,3.2,4100.0,0.7804878048780489,NYR,3.307,0.5918367346938775,2.693
199,C._Kreider_,W,_,NYR,ANA,19th,2,1,2.9,5200.0,0.5576923076923077,NYR,3.307,0.5918367346938775,2.693
200,Mats_Zuccarello_,W,_,NYR,ANA,19th,1,1,2.4,4600.0,0.5217391304347826,NYR,3.307,0.5918367346938775,2.693
201,B._Skjei_,D,_,NYR,ANA,10th,2,_,2.3,3700.0,0.6216216216216215,NYR,3.307,0.5918367346938775,2.693
202,Neal_Pionk_,D,_,NYR,ANA,10th,1,1,2.1,4000.0,0.525,NYR,3.307,0.5918367346938775,2.693
203,J._Vesey_,W,_,NYR,ANA,19th,3,2,2.0,3500.0,0.5714285714285714,NYR,3.307,0.5918367346938775,2.693
204,Marc_Staal_,D,_,NYR,ANA,10th,1,_,1.9,2700.0,0.7037037037037036,NYR,3.307,0.5918367346938775,2.693
205,F._Chytil_,W,_,NYR,ANA,19th,1,2,1.8,3700.0,0.48648648648648646,NYR,3.307,0.5918367346938775,2.693
206,V._Namestnikov_,W,_,NYR,ANA,19th,3,_,1.6,3100.0,0.5161290322580645,NYR,3.307,0.5918367346938775,2.693
207,Adam_McQuaid_,D,_,NYR,ANA,10th,3,_,1.3,2700.0,0.48148148148148145,NYR,3.307,0.5918367346938775,2.693
208,B._Smith_,D,_,NYR,ANA,10th,3,_,1.3,2500.0,0.52,NYR,3.307,0.5918367346938775,2.693
209,Ryan_Strome_,C,_,NYR,ANA,7th,4,_,1.1,2500.0,0.44000000000000006,NYR,3.307,0.5918367346938775,2.693
210,Lias_Andersson_,W,_,NYR,ANA,19th,4,_,1.1,2500.0,0.44000000000000006,NYR,3.307,0.5918367346938775,2.693
211,B._Howden_,C,_,NYR,ANA,7th,3,2,1.1,2900.0,0.37931034482758624,NYR,3.307,0.5918367346938775,2.693
212,Boo_Nieves_,W,_,NYR,ANA,19th,4,_,1.1,2500.0,0.44000000000000006,NYR,3.307,0.5918367346938775,2.693
213,John_Gibson_,G,_,ANA,NYR,10th,1,_,4.5,7500.0,0.6,ANA,2.693,0.40816326530612246,3.307
214,Ryan_Getzlaf_,C,_,ANA,NYR,29th,1,1,3.5,5700.0,0.6140350877192983,ANA,2.693,0.40816326530612246,3.307
215,O._Kase_,W,_,ANA,NYR,17th,1,2,3.5,5400.0,0.6481481481481481,ANA,2.693,0.40816326530612246,3.307
216,J._Silfverberg_,W,_,ANA,NYR,17th,2,1,3.2,5300.0,0.6037735849056605,ANA,2.693,0.40816326530612246,3.307
217,Chad_Johnson_,G,_,ANA,NYR,10th,2,_,2.9,7300.0,0.3972602739726027,ANA,2.693,0.40816326530612246,3.307
218,B._Montour_,D,_,ANA,NYR,27th,1,1,2.7,5000.0,0.54,ANA,2.693,0.40816326530612246,3.307
219,P._Aberg_,W,_,ANA,NYR,17th,1,2,2.6,5100.0,0.5098039215686275,ANA,2.693,0.40816326530612246,3.307
220,Josh_Manson_,D,_,ANA,NYR,27th,2,_,2.3,3200.0,0.7187499999999999,ANA,2.693,0.40816326530612246,3.307
221,H._Lindholm_,D,_,ANA,NYR,27th,1,2,2.3,4800.0,0.47916666666666663,ANA,2.693,0.40816326530612246,3.307
222,Adam_Henrique_,C,_,ANA,NYR,29th,3,1,2.2,3900.0,0.5641025641025642,ANA,2.693,0.40816326530612246,3.307
223,Nick_Ritchie_,W,_,ANA,NYR,17th,3,2,2.1,3700.0,0.5675675675675675,ANA,2.693,0.40816326530612246,3.307
224,D._Sprong_,W,_,ANA,NYR,17th,3,1,1.8,3000.0,0.6,ANA,2.693,0.40816326530612246,3.307
225,Jake_Dotchin_,D,_,ANA,NYR,27th,3,_,1.6,2700.0,0.5925925925925926,ANA,2.693,0.40816326530612246,3.307
226,A._Cogliano_,W,_,ANA,NYR,17th,2,_,1.5,2800.0,0.5357142857142857,ANA,2.693,0.40816326530612246,3.307
227,K._Sherwood_,W,_,ANA,NYR,17th,4,_,1.4,2700.0,0.5185185185185185,ANA,2.693,0.40816326530612246,3.307
228,Josh_Mahura_,D,_,ANA,NYR,27th,3,_,1.4,2500.0,0.5599999999999999,ANA,2.693,0.40816326530612246,3.307
229,J._Larsson_,D,_,ANA,NYR,27th,2,_,1.3,2500.0,0.52,ANA,2.693,0.40816326530612246,3.307
230,C._Rowney_,C,_,ANA,NYR,29th,4,_,1.1,2500.0,0.44000000000000006,ANA,2.693,0.40816326530612246,3.307
231,Ryan_Kesler_,C,_,ANA,NYR,29th,2,2,1.0,3000.0,0.3333333333333333,ANA,2.693,0.40816326530612246,3.307
232,B._Gibbons_,W,_,ANA,NYR,17th,4,_,0.9,2500.0,0.36,ANA,2.693,0.40816326530612246,3.307
233,D._Kuemper_,G,_,ARI,NYI,11th,1,_,4.4,7400.0,0.5945945945945946,ARI,2.949,0.5652173913043478,2.551
234,Nick_Schmaltz_,C,_,ARI,NYI,4th,1,1,2.9,4600.0,0.6304347826086957,ARI,2.949,0.5652173913043478,2.551
235,D._Stepan_,C,_,ARI,NYI,4th,2,2,2.5,4900.0,0.5102040816326531,ARI,2.949,0.5652173913043478,2.551
236,O._Ekman-Larsson_,D,_,ARI,NYI,1st,1,1,2.5,4800.0,0.5208333333333334,ARI,2.949,0.5652173913043478,2.551
237,C._Keller_,W,_,ARI,NYI,4th,1,1,2.3,4800.0,0.47916666666666663,ARI,2.949,0.5652173913043478,2.551
238,J._Oesterle_,D,_,ARI,NYI,1st,3,2,2.2,3800.0,0.5789473684210527,ARI,2.949,0.5652173913043478,2.551
239,Alex_Goligoski_,D,_,ARI,NYI,1st,3,2,2.2,4200.0,0.5238095238095238,ARI,2.949,0.5652173913043478,2.551
240,J._Chychrun_,D,_,ARI,NYI,1st,1,1,1.9,3700.0,0.5135135135135135,ARI,2.949,0.5652173913043478,2.551
241,Brad_Richardson_,C,_,ARI,NYI,4th,3,_,1.8,3300.0,0.5454545454545455,ARI,2.949,0.5652173913043478,2.551
242,K._Connauton_,D,_,ARI,NYI,1st,2,_,1.7,2800.0,0.6071428571428572,ARI,2.949,0.5652173913043478,2.551
243,Josh_Archibald_,W,_,ARI,NYI,4th,3,_,1.7,2900.0,0.5862068965517241,ARI,2.949,0.5652173913043478,2.551
244,Nick_Cousins_,W,_,ARI,NYI,4th,4,_,1.6,3300.0,0.4848484848484849,ARI,2.949,0.5652173913043478,2.551
245,Alex_Galchenyuk_,W,_,ARI,NYI,4th,2,2,1.6,3800.0,0.4210526315789474,ARI,2.949,0.5652173913043478,2.551
246,C._Fischer_,W,_,ARI,NYI,4th,2,_,1.5,3300.0,0.4545454545454546,ARI,2.949,0.5652173913043478,2.551
247,N._Hjalmarsson_,D,_,ARI,NYI,1st,2,_,1.5,2800.0,0.5357142857142857,ARI,2.949,0.5652173913043478,2.551
248,R._Panik_,W,_,ARI,NYI,4th,3,2,1.4,3200.0,0.43749999999999994,ARI,2.949,0.5652173913043478,2.551
249,C._Garland_,W,_,ARI,NYI,4th,1,1,1.4,2500.0,0.5599999999999999,ARI,2.949,0.5652173913043478,2.551
250,L._Crouse_,W,_,ARI,NYI,4th,4,_,0.8,2600.0,0.3076923076923077,ARI,2.949,0.5652173913043478,2.551
251,M._Kempe_,C,_,ARI,NYI,4th,4,_,0.7,2500.0,0.27999999999999997,ARI,2.949,0.5652173913043478,2.551
252,Ben_Bishop_,G,_,DAL,CGY,6th,1,_,4.3,7300.0,0.589041095890411,DAL,2.849,0.4545454545454546,3.151
253,Miro_Heiskanen_,D,_,DAL,CGY,19th,1,2,3.8,4600.0,0.8260869565217391,DAL,2.849,0.4545454545454546,3.151
254,T._Seguin_,C,_,DAL,CGY,13th,1,1,3.2,7000.0,0.4571428571428572,DAL,2.849,0.4545454545454546,3.151
255,A._Radulov_,W,_,DAL,CGY,2nd,2,1,3.0,6000.0,0.5,DAL,2.849,0.4545454545454546,3.151
256,J._Benn_,W,_,DAL,CGY,2nd,1,2,2.9,6300.0,0.4603174603174603,DAL,2.849,0.4545454545454546,3.151
257,Esa_Lindell_,D,_,DAL,CGY,19th,1,2,2.6,4300.0,0.6046511627906977,DAL,2.849,0.4545454545454546,3.151
258,T._Fedun_,D,_,DAL,CGY,19th,3,1,2.2,3800.0,0.5789473684210527,DAL,2.849,0.4545454545454546,3.151
259,R._Polak_,D,_,DAL,CGY,19th,2,_,1.8,2800.0,0.6428571428571429,DAL,2.849,0.4545454545454546,3.151
260,M._Hanzal_,C,_,DAL,CGY,13th,3,2,1.8,3300.0,0.5454545454545455,DAL,2.849,0.4545454545454546,3.151
261,D._Gurianov_,W,_,DAL,CGY,2nd,1,_,1.7,2900.0,0.5862068965517241,DAL,2.849,0.4545454545454546,3.151
262,T._Pitlick_,W,_,DAL,CGY,2nd,3,_,1.6,2500.0,0.64,DAL,2.849,0.4545454545454546,3.151
263,J._Dickinson_,W,_,DAL,CGY,2nd,4,_,1.5,2600.0,0.5769230769230769,DAL,2.849,0.4545454545454546,3.151
264,G._Bayreuther_,D,_,DAL,CGY,19th,2,_,1.5,3200.0,0.46875,DAL,2.849,0.4545454545454546,3.151
265,D._Shore_,W,_,DAL,CGY,2nd,2,1,1.5,3200.0,0.46875,DAL,2.849,0.4545454545454546,3.151
266,M._Janmark_,W,_,DAL,CGY,2nd,4,_,1.3,2800.0,0.46428571428571436,DAL,2.849,0.4545454545454546,3.151
267,R._Faksa_,C,_,DAL,CGY,13th,3,1,1.3,2800.0,0.46428571428571436,DAL,2.849,0.4545454545454546,3.151
268,V._Nichushkin_,W,_,DAL,CGY,2nd,2,2,1.3,2600.0,0.5,DAL,2.849,0.4545454545454546,3.151
269,Joel_Hanley_,D,_,DAL,CGY,19th,3,_,1.3,2500.0,0.52,DAL,2.849,0.4545454545454546,3.151
270,B._Comeau_,W,_,DAL,CGY,2nd,4,_,1.1,2500.0,0.44000000000000006,DAL,2.849,0.4545454545454546,3.151
271,R._Luongo_,G,_,FLA,BUF,14th,1,_,4.3,7100.0,0.6056338028169014,FLA,2.849,0.4545454545454546,3.151
272,J._Huberdeau_,W,_,FLA,BUF,22nd,1,1,3.8,6200.0,0.6129032258064515,FLA,2.849,0.4545454545454546,3.151
273,Mike_Hoffman_,W,_,FLA,BUF,22nd,1,1,3.6,6400.0,0.5625,FLA,2.849,0.4545454545454546,3.151
274,A._Barkov_,C,_,FLA,BUF,5th,1,1,3.6,6600.0,0.5454545454545455,FLA,2.849,0.4545454545454546,3.151
275,E._Dadonov_,W,_,FLA,BUF,22nd,2,1,3.2,6100.0,0.5245901639344263,FLA,2.849,0.4545454545454546,3.151
276,K._Yandle_,D,_,FLA,BUF,7th,1,1,2.7,5100.0,0.5294117647058825,FLA,2.849,0.4545454545454546,3.151
277,A._Ekblad_,D,_,FLA,BUF,7th,1,2,2.7,4500.0,0.6000000000000001,FLA,2.849,0.4545454545454546,3.151
278,F._Vatrano_,W,_,FLA,BUF,22nd,2,2,2.3,4200.0,0.5476190476190476,FLA,2.849,0.4545454545454546,3.151
279,M._Weegar_,D,_,FLA,BUF,7th,3,_,2.1,2800.0,0.7500000000000001,FLA,2.849,0.4545454545454546,3.151
280,Mark_Pysyk_,D,_,FLA,BUF,7th,2,_,1.6,2500.0,0.64,FLA,2.849,0.4545454545454546,3.151
281,J._McCann_,C,_,FLA,BUF,5th,3,2,1.5,2900.0,0.5172413793103449,FLA,2.849,0.4545454545454546,3.151
282,A._Petrovic_,D,_,FLA,BUF,7th,3,_,1.5,2800.0,0.5357142857142857,FLA,2.849,0.4545454545454546,3.151
283,H._Borgstrom_,C,_,FLA,BUF,5th,2,2,1.4,3200.0,0.43749999999999994,FLA,2.849,0.4545454545454546,3.151
284,D._Malgin_,W,_,FLA,BUF,22nd,3,_,1.3,3000.0,0.43333333333333335,FLA,2.849,0.4545454545454546,3.151
285,Troy_Brouwer_,W,_,FLA,BUF,22nd,3,_,1.2,2500.0,0.48,FLA,2.849,0.4545454545454546,3.151
286,Juho_Lammikko_,C,_,FLA,BUF,5th,4,_,1.0,2500.0,0.4,FLA,2.849,0.4545454545454546,3.151
287,M._Haley_,W,_,FLA,BUF,22nd,4,_,0.8,2500.0,0.32,FLA,2.849,0.4545454545454546,3.151
288,Jake_Allen_,G,_,STL,EDM,5th,1,_,4.2,7100.0,0.591549295774648,STL,2.666,0.4,3.334
289,Ryan_O'Reilly_,C,_,STL,EDM,12th,2,1,3.2,6400.0,0.5,STL,2.666,0.4,3.334
290,J._Schwartz_,W,_,STL,EDM,21st,1,1,3.0,4900.0,0.6122448979591836,STL,2.666,0.4,3.334
291,C._Parayko_,D,_,STL,EDM,12th,1,1,3.0,4700.0,0.6382978723404255,STL,2.666,0.4,3.334
292,V._Dunn_,D,_,STL,EDM,12th,3,2,2.9,4400.0,0.6590909090909091,STL,2.666,0.4,3.334
293,Joel_Edmundson_,D,_,STL,EDM,12th,1,_,2.5,4000.0,0.625,STL,2.666,0.4,3.334
294,B._Schenn_,C,_,STL,EDM,12th,1,1,2.4,4900.0,0.48979591836734687,STL,2.666,0.4,3.334
295,R._Bortuzzo_,D,_,STL,EDM,12th,2,_,2.2,3300.0,0.6666666666666667,STL,2.666,0.4,3.334
296,T._Bozak_,C,_,STL,EDM,12th,3,2,2.1,3700.0,0.5675675675675675,STL,2.666,0.4,3.334
297,V._Tarasenko_,W,_,STL,EDM,21st,1,1,2.0,6000.0,0.3333333333333333,STL,2.666,0.4,3.334
298,Jay_Bouwmeester_,D,_,STL,EDM,12th,2,_,1.8,3000.0,0.6,STL,2.666,0.4,3.334
299,A._Steen_,W,_,STL,EDM,21st,2,2,1.7,4600.0,0.3695652173913044,STL,2.666,0.4,3.334
300,D._Perron_,W,_,STL,EDM,21st,2,2,1.6,3900.0,0.4102564102564103,STL,2.666,0.4,3.334
301,C._Butler_,D,_,STL,EDM,12th,3,_,1.5,2600.0,0.5769230769230769,STL,2.666,0.4,3.334
302,O._Sundqvist_,W,_,STL,EDM,21st,4,_,1.3,2600.0,0.5,STL,2.666,0.4,3.334
303,R._Thomas_,W,_,STL,EDM,21st,3,_,1.2,2600.0,0.4615384615384615,STL,2.666,0.4,3.334
304,Ivan_Barbashev_,C,_,STL,EDM,12th,4,_,1.1,2500.0,0.44000000000000006,STL,2.666,0.4,3.334
305,J._Nolan_,W,_,STL,EDM,21st,4,_,1.1,2500.0,0.44000000000000006,STL,2.666,0.4,3.334
306,Pat_Maroon_,W,_,STL,EDM,21st,3,2,1.0,2700.0,0.37037037037037035,STL,2.666,0.4,3.334
307,K._Kinkaid_,G,_,NJD,TOR,28th,1,_,4.1,7000.0,0.5857142857142856,NJD,2.888,0.4,3.612
308,Kyle_Palmieri_,W,_,NJD,TOR,18th,1,1,4.0,5900.0,0.6779661016949152,NJD,2.888,0.4,3.612
309,T._Hall_,W,_,NJD,TOR,18th,1,1,3.8,7200.0,0.5277777777777778,NJD,2.888,0.4,3.612
310,Andy_Greene_,D,_,NJD,TOR,22nd,1,_,2.9,3800.0,0.7631578947368421,NJD,2.888,0.4,3.612
311,M._Johansson_,W,_,NJD,TOR,18th,2,1,2.8,4500.0,0.6222222222222222,NJD,2.888,0.4,3.612
312,Nico_Hischier_,C,_,NJD,TOR,30th,1,2,2.8,4700.0,0.5957446808510638,NJD,2.888,0.4,3.612
313,B._Coleman_,W,_,NJD,TOR,18th,3,_,2.7,4700.0,0.574468085106383,NJD,2.888,0.4,3.612
314,T._Zajac_,C,_,NJD,TOR,30th,3,1,2.5,4100.0,0.6097560975609757,NJD,2.888,0.4,3.612
315,Sami_Vatanen_,D,_,NJD,TOR,22nd,2,2,2.4,4400.0,0.5454545454545454,NJD,2.888,0.4,3.612
316,M._Wood_,W,_,NJD,TOR,18th,3,_,2.3,3300.0,0.6969696969696969,NJD,2.888,0.4,3.612
317,D._Severson_,D,_,NJD,TOR,22nd,1,2,2.2,3700.0,0.5945945945945946,NJD,2.888,0.4,3.612
318,J._Bratt_,W,_,NJD,TOR,18th,2,2,2.0,3600.0,0.5555555555555556,NJD,2.888,0.4,3.612
319,B._Boyle_,W,_,NJD,TOR,18th,4,2,1.5,3000.0,0.5,NJD,2.888,0.4,3.612
320,Will_Butcher_,D,_,NJD,TOR,22nd,2,1,1.5,3100.0,0.48387096774193544,NJD,2.888,0.4,3.612
321,Ben_Lovejoy_,D,_,NJD,TOR,22nd,3,_,1.2,2500.0,0.48,NJD,2.888,0.4,3.612
322,B._Seney_,C,_,NJD,TOR,30th,4,_,1.1,2500.0,0.44000000000000006,NJD,2.888,0.4,3.612
323,M._Mueller_,D,_,NJD,TOR,22nd,3,_,1.1,2500.0,0.44000000000000006,NJD,2.888,0.4,3.612
324,P._Zacha_,C,_,NJD,TOR,30th,2,_,1.0,2700.0,0.37037037037037035,NJD,2.888,0.4,3.612
325,John_Quenneville_,W,_,NJD,TOR,18th,4,_,0.9,2500.0,0.36,NJD,2.888,0.4,3.612
326,J._Quick_,G,_,LAK,WPG,3rd,1,_,4.1,6900.0,0.5942028985507245,LOS,2.613,0.3846153846153846,3.387
327,Cal_Petersen_,G,_,LAK,WPG,3rd,2,_,3.6,6900.0,0.5217391304347826,LOS,2.613,0.3846153846153846,3.387
328,Anze_Kopitar_,C,_,LAK,WPG,25th,1,1,3.0,5100.0,0.5882352941176471,LOS,2.613,0.3846153846153846,3.387
329,Jake_Muzzin_,D,_,LAK,WPG,20th,2,2,2.8,4000.0,0.7,LOS,2.613,0.3846153846153846,3.387
330,Alex_Iafallo_,W,_,LAK,WPG,13th,1,1,2.6,3800.0,0.6842105263157895,LOS,2.613,0.3846153846153846,3.387
331,D._Brown_,W,_,LAK,WPG,13th,1,1,2.6,4500.0,0.5777777777777778,LOS,2.613,0.3846153846153846,3.387
332,Matt_Luff_,W,_,LAK,WPG,13th,3,2,2.5,3300.0,0.7575757575757576,LOS,2.613,0.3846153846153846,3.387
333,T._Toffoli_,W,_,LAK,WPG,13th,2,2,2.3,3600.0,0.6388888888888888,LOS,2.613,0.3846153846153846,3.387
334,Drew_Doughty_,D,_,LAK,WPG,20th,1,1,2.2,4200.0,0.5238095238095238,LOS,2.613,0.3846153846153846,3.387
335,Jeff_Carter_,C,_,LAK,WPG,25th,2,1,1.9,3800.0,0.5,LOS,2.613,0.3846153846153846,3.387
336,D._Forbort_,D,_,LAK,WPG,20th,1,_,1.8,2600.0,0.6923076923076923,LOS,2.613,0.3846153846153846,3.387
337,D._Brickley_,D,_,LAK,WPG,20th,3,_,1.8,2500.0,0.72,LOS,2.613,0.3846153846153846,3.387
338,O._Fantenberg_,D,_,LAK,WPG,20th,3,_,1.7,2500.0,0.6799999999999999,LOS,2.613,0.3846153846153846,3.387
339,A._Kempe_,C,_,LAK,WPG,25th,2,2,1.6,2700.0,0.5925925925925926,LOS,2.613,0.3846153846153846,3.387
340,Sean_Walker_,D,_,LAK,WPG,20th,2,_,1.5,2500.0,0.6,LOS,2.613,0.3846153846153846,3.387
341,B._Leipsic_,W,_,LAK,WPG,13th,4,2,1.4,2800.0,0.5,LOS,2.613,0.3846153846153846,3.387
342,N._Scherbak_,W,_,LAK,WPG,13th,4,_,1.3,2700.0,0.48148148148148145,LOS,2.613,0.3846153846153846,3.387
343,A._Wagner_,W,_,LAK,WPG,13th,3,_,1.2,2500.0,0.48,LOS,2.613,0.3846153846153846,3.387
344,Nate_Thompson_,W,_,LAK,WPG,13th,4,_,1.1,2500.0,0.44000000000000006,LOS,2.613,0.3846153846153846,3.387
345,B._Boeser_,W,_,VAN,TBL,16th,2,1,4.1,6200.0,0.6612903225806451,VAN,2.636,0.33333333333333337,3.864
346,E._Pettersson_,C,_,VAN,TBL,15th,2,1,3.9,5500.0,0.7090909090909091,VAN,2.636,0.33333333333333337,3.864
347,Bo_Horvat_,C,_,VAN,TBL,15th,1,1,3.7,4800.0,0.7708333333333334,VAN,2.636,0.33333333333333337,3.864
348,A._Nilsson_,G,_,VAN,TBL,4th,2,_,3.5,6600.0,0.5303030303030303,VAN,2.636,0.33333333333333337,3.864
349,Ben_Hutton_,D,_,VAN,TBL,5th,2,2,3.0,4100.0,0.7317073170731708,VAN,2.636,0.33333333333333337,3.864
350,A._Edler_,D,_,VAN,TBL,5th,1,1,2.8,4700.0,0.5957446808510638,VAN,2.636,0.33333333333333337,3.864
351,N._Goldobin_,W,_,VAN,TBL,16th,3,1,2.2,3800.0,0.5789473684210527,VAN,2.636,0.33333333333333337,3.864
352,C._Tanev_,D,_,VAN,TBL,5th,1,_,2.1,2900.0,0.7241379310344828,VAN,2.636,0.33333333333333337,3.864
353,Jake_Virtanen_,W,_,VAN,TBL,16th,3,2,1.8,3600.0,0.5,VAN,2.636,0.33333333333333337,3.864
354,Erik_Gudbranson_,D,_,VAN,TBL,5th,2,_,1.7,2800.0,0.6071428571428572,VAN,2.636,0.33333333333333337,3.864
355,T._Motte_,W,_,VAN,TBL,16th,4,_,1.7,2600.0,0.6538461538461539,VAN,2.636,0.33333333333333337,3.864
356,D._Pouliot_,D,_,VAN,TBL,5th,3,_,1.7,2700.0,0.6296296296296295,VAN,2.636,0.33333333333333337,3.864
357,A._Roussel_,W,_,VAN,TBL,16th,1,_,1.7,3100.0,0.5483870967741935,VAN,2.636,0.33333333333333337,3.864
358,Troy_Stecher_,D,_,VAN,TBL,5th,3,_,1.6,2700.0,0.5925925925925926,VAN,2.636,0.33333333333333337,3.864
359,Loui_Eriksson_,W,_,VAN,TBL,16th,1,2,1.5,3200.0,0.46875,VAN,2.636,0.33333333333333337,3.864
360,Josh_Leivo_,W,_,VAN,TBL,16th,2,2,1.5,3000.0,0.5,VAN,2.636,0.33333333333333337,3.864
361,M._Granlund_,W,_,VAN,TBL,16th,4,_,1.3,2800.0,0.46428571428571436,VAN,2.636,0.33333333333333337,3.864
362,Jay_Beagle_,C,_,VAN,TBL,15th,4,_,1.2,2500.0,0.48,VAN,2.636,0.33333333333333337,3.864
363,Adam_Gaudette_,C,_,VAN,TBL,15th,3,2,0.7,2500.0,0.27999999999999997,VAN,2.636,0.33333333333333337,3.864
364,C._Hart_,G,_,PHI,DET,19th,1,_,4.1,7000.0,0.5857142857142856,PHI,3.797,0.6491228070175439,2.703
365,C._Giroux_,C,_,PHI,DET,21st,1,1,3.7,6700.0,0.5522388059701493,PHI,3.797,0.6491228070175439,2.703
366,Sean_Couturier_,C,_,PHI,DET,21st,2,1,3.6,6300.0,0.5714285714285715,PHI,3.797,0.6491228070175439,2.703
367,J._Voracek_,W,_,PHI,DET,27th,2,1,3.0,5600.0,0.5357142857142857,PHI,3.797,0.6491228070175439,2.703
368,Ivan_Provorov_,D,_,PHI,DET,9th,1,2,2.7,4500.0,0.6000000000000001,PHI,3.797,0.6491228070175439,2.703
369,T._Konecny_,W,_,PHI,DET,27th,1,2,2.3,5000.0,0.45999999999999996,PHI,3.797,0.6491228070175439,2.703
370,J._van_Riemsdyk_,W,_,PHI,DET,27th,3,2,2.2,4500.0,0.48888888888888893,PHI,3.797,0.6491228070175439,2.703
371,S._Gostisbehere_,D,_,PHI,DET,9th,2,1,2.1,4900.0,0.42857142857142855,PHI,3.797,0.6491228070175439,2.703
372,T._Sanheim_,D,_,PHI,DET,9th,2,_,2.0,3400.0,0.5882352941176471,PHI,3.797,0.6491228070175439,2.703
373,R._Hagg_,D,_,PHI,DET,9th,3,_,1.9,3500.0,0.5428571428571428,PHI,3.797,0.6491228070175439,2.703
374,W._Simmonds_,W,_,PHI,DET,27th,2,1,1.9,4300.0,0.4418604651162791,PHI,3.797,0.6491228070175439,2.703
375,S._Laughton_,W,_,PHI,DET,27th,3,_,1.9,3100.0,0.6129032258064515,PHI,3.797,0.6491228070175439,2.703
376,Dale_Weise_,W,_,PHI,DET,27th,4,_,1.7,2500.0,0.6799999999999999,PHI,3.797,0.6491228070175439,2.703
377,R._Gudas_,D,_,PHI,DET,9th,3,_,1.5,3300.0,0.4545454545454546,PHI,3.797,0.6491228070175439,2.703
378,N._Patrick_,C,_,PHI,DET,21st,1,2,1.5,3400.0,0.4411764705882353,PHI,3.797,0.6491228070175439,2.703
379,A._MacDonald_,D,_,PHI,DET,9th,1,_,1.4,2800.0,0.5,PHI,3.797,0.6491228070175439,2.703
380,M._Raffl_,W,_,PHI,DET,27th,3,_,1.3,2700.0,0.48148148148148145,PHI,3.797,0.6491228070175439,2.703
381,O._Lindblom_,W,_,PHI,DET,27th,4,2,1.1,2800.0,0.3928571428571429,PHI,3.797,0.6491228070175439,2.703
382,Phil_Varone_,C,_,PHI,DET,21st,4,_,0.7,2500.0,0.27999999999999997,PHI,3.797,0.6491228070175439,2.703
383,P._Kane_,W,_,CHI,NSH,12th,2,1,4.0,6400.0,0.625,CHI,2.666,0.4,3.334
384,Cam_Ward_,G,_,CHI,NSH,18th,1,_,3.7,7000.0,0.5285714285714286,CHI,2.666,0.4,3.334
385,Alex_DeBrincat_,W,_,CHI,NSH,12th,3,1,3.4,5200.0,0.6538461538461539,CHI,2.666,0.4,3.334
386,B._Seabrook_,D,_,CHI,NSH,18th,2,2,3.3,4900.0,0.6734693877551019,CHI,2.666,0.4,3.334
387,D._Keith_,D,_,CHI,NSH,18th,1,2,3.0,4500.0,0.6666666666666666,CHI,2.666,0.4,3.334
388,J._Toews_,C,_,CHI,NSH,3rd,1,1,2.9,5300.0,0.5471698113207547,CHI,2.666,0.4,3.334
389,Erik_Gustafsson_,D,_,CHI,NSH,18th,1,1,2.8,4100.0,0.6829268292682927,CHI,2.666,0.4,3.334
390,A._Anisimov_,C,_,CHI,NSH,3rd,2,2,2.5,3600.0,0.6944444444444444,CHI,2.666,0.4,3.334
391,B._Saad_,W,_,CHI,NSH,12th,1,2,2.3,4300.0,0.5348837209302325,CHI,2.666,0.4,3.334
392,G._Forsling_,D,_,CHI,NSH,18th,2,_,1.9,3600.0,0.5277777777777778,CHI,2.666,0.4,3.334
393,D._Strome_,C,_,CHI,NSH,3rd,2,1,1.9,3600.0,0.5277777777777778,CHI,2.666,0.4,3.334
394,Carl_Dahlstrom_,D,_,CHI,NSH,18th,3,_,1.7,2900.0,0.5862068965517241,CHI,2.666,0.4,3.334
395,C._Murphy_,D,_,CHI,NSH,18th,3,_,1.7,2700.0,0.6296296296296295,CHI,2.666,0.4,3.334
396,D._Kahun_,W,_,CHI,NSH,12th,1,2,1.6,2900.0,0.5517241379310345,CHI,2.666,0.4,3.334
397,B._Perlini_,W,_,CHI,NSH,12th,4,_,1.4,2800.0,0.5,CHI,2.666,0.4,3.334
398,D._Kampf_,C,_,CHI,NSH,3rd,3,_,1.3,2700.0,0.48148148148148145,CHI,2.666,0.4,3.334
399,M._Kruger_,C,_,CHI,NSH,3rd,4,_,1.3,2500.0,0.52,CHI,2.666,0.4,3.334
400,D._Sikura_,W,_,CHI,NSH,12th,3,_,1.1,2900.0,0.37931034482758624,CHI,2.666,0.4,3.334
401,John_Hayden_,W,_,CHI,NSH,12th,4,_,0.8,2500.0,0.32,CHI,2.666,0.4,3.334
402,R._Lehner_,G,_,NYI,ARI,27th,2,_,4.0,7700.0,0.5194805194805194,NYI,2.551,0.4347826086956522,2.949
403,M._Barzal_,C,_,NYI,ARI,26th,2,1,3.8,5800.0,0.6551724137931034,NYI,2.551,0.4347826086956522,2.949
404,Josh_Bailey_,W,_,NYI,ARI,20th,2,1,2.9,4900.0,0.5918367346938775,NYI,2.551,0.4347826086956522,2.949
405,Ryan_Pulock_,D,_,NYI,ARI,15th,2,2,2.8,4300.0,0.6511627906976744,NYI,2.551,0.4347826086956522,2.949
406,A._Lee_,W,_,NYI,ARI,20th,1,1,2.8,6000.0,0.4666666666666666,NYI,2.551,0.4347826086956522,2.949
407,A._Beauvillier_,W,_,NYI,ARI,20th,2,2,2.5,4300.0,0.5813953488372093,NYI,2.551,0.4347826086956522,2.949
408,J._Boychuk_,D,_,NYI,ARI,15th,1,_,2.4,4100.0,0.5853658536585367,NYI,2.551,0.4347826086956522,2.949
409,Nick_Leddy_,D,_,NYI,ARI,15th,1,1,2.2,3600.0,0.6111111111111112,NYI,2.551,0.4347826086956522,2.949
410,B._Nelson_DTD,C,_,NYI,ARI,26th,1,2,2.0,5000.0,0.4,NYI,2.551,0.4347826086956522,2.949
411,T._Hickey_DTD,D,_,NYI,ARI,15th,2,_,1.9,2500.0,0.76,NYI,2.551,0.4347826086956522,2.949
412,S._Mayfield_,D,_,NYI,ARI,15th,3,_,1.9,3700.0,0.5135135135135135,NYI,2.551,0.4347826086956522,2.949
413,J._Eberle_,W,_,NYI,ARI,20th,1,1,1.8,4700.0,0.3829787234042553,NYI,2.551,0.4347826086956522,2.949
414,C._Cizikas_,C,_,NYI,ARI,26th,4,_,1.7,2700.0,0.6296296296296295,NYI,2.551,0.4347826086956522,2.949
415,Adam_Pelech_,D,_,NYI,ARI,15th,3,_,1.5,2600.0,0.5769230769230769,NYI,2.551,0.4347826086956522,2.949
416,Cal_Clutterbuck_,W,_,NYI,ARI,20th,4,_,1.4,2500.0,0.5599999999999999,NYI,2.551,0.4347826086956522,2.949
417,Matt_Martin_,W,_,NYI,ARI,20th,4,_,1.4,2500.0,0.5599999999999999,NYI,2.551,0.4347826086956522,2.949
418,V._Filppula_,C,_,NYI,ARI,26th,3,2,0.9,2800.0,0.32142857142857145,NYI,2.551,0.4347826086956522,2.949
419,Leo_Komarov_,W,_,NYI,ARI,20th,3,_,0.9,2500.0,0.36,NYI,2.551,0.4347826086956522,2.949
420,J._Ho-Sang_,W,_,NYI,ARI,20th,3,2,0.8,2800.0,0.28571428571428575,NYI,2.551,0.4347826086956522,2.949
