Fuel,VegasTotal,DvP_5,Fuel_Projection,Fuel_Value,RG,Guru,Opponent,PMIN,Player,Position,RG_Projection,RG_Value,Salary,Team,Total,Name,X78_Not.Starter.Paid.Salary,X78_Starter.Paid.Salary,PPM,X78_PPM,X89_PPM,X89_Not.Starter.Paid.Salary,X89_Starter.Paid.Salary,PPM_SD,Cash_PPM,GPP_PPM,Count,MY_Projection,MY_Value,MY_Value_Rank,Fuel_Value_Rank,RG_Value_Rank,Max_Rank,Min_Rank,Mean_Rank
B. Marjanovic,112.3,27.0,27.9,6.804878048780488,Boban Marjanovic,"Marjanovic, Boban",@ CHA,21.0,Boban Marjanovic,C,27.99,6.83,4100.0,PHI,112,"Marjanovic, Boban",0.1875,1.0,1.402859877,1.251040804,1.451293862,0.162790698,0.5555555560000001,0.452520585,1.194247647,0.452520585,15.0,30.770695637072997,0.007505047716359268,1.0,2.0,1.0,2.0,1.0,1.3333333333333333
N. Mirotic,120.3,15.0,32.8,6.833333333333333,Nikola Mirotic,"Mirotic, Nikola",LAL,28.0,Nikola Mirotic,PF/C,32.38,6.75,4800.0,MIL,120.5,"Mirotic, Nikola",0.487804878,0.5555555560000001,1.120180823,1.106492556,1.123602889,0.033333333,0.545454545,0.329636788,0.985769443,0.329636788,23.0,32.013946089636,0.0066695721020075,3.0,1.0,2.0,3.0,1.0,2.0
E. Ilyasova,120.3,15.0,21.0,6.363636363636364,Ersan Ilyasova,"Ilyasova, Ersan",LAL,24.0,Ersan Ilyasova,PF/C,21.33,6.46,3300.0,MIL,120.5,"Ilyasova, Ersan",0.409090909,0.441860465,0.847806063,0.872838165,0.8498344170000001,0.177777778,1.0,0.300668793,0.640947205,0.300668793,23.0,21.106177801128,0.006395811454887272,5.0,5.0,4.0,5.0,4.0,4.666666666666667
Eric Bledsoe,120.3,25.0,41.9,6.546874999999999,Eric Bledsoe,"Bledsoe, Eric",LAL,31.0,Eric Bledsoe,PG,42.27,6.6,6400.0,MIL,120.5,"Bledsoe, Eric",0.0,0.485714286,1.149908233,1.090622276,1.1647297220000001,0.0,0.531914894,0.323033075,0.8679775890000001,0.323033075,28.0,38.196993411087,0.005968280220482344,8.0,3.0,3.0,8.0,3.0,4.666666666666667
C. LeVert,114.8,21.0,29.8,6.081632653061225,Caris LeVert,"LeVert, Caris",@ SAC,30.0,Caris LeVert,PG/SF,30.56,6.24,4900.0,BKN,114.75,"LeVert, Caris",0.525423729,0.333333333,1.036252981,0.967058711,1.053551548,0.0,0.615384615,0.342290849,0.862788378,0.342290849,13.0,32.44587415767,0.0066216069709530605,4.0,7.0,5.0,7.0,4.0,5.333333333333333
Pat Connaughton,120.3,4.0,23.8,6.4324324324324325,Pat Connaughton,"Connaughton, Pat",LAL,28.0,Pat Connaughton,SG/SF,23.05,6.23,3700.0,MIL,120.5,"Connaughton, Pat",0.21621621600000002,0.6,0.842166074,0.57385536,0.9092437529999999,0.276595745,1.0,0.247305608,0.738519899,0.247305608,18.0,22.622849919767997,0.006114283762099459,7.0,4.0,6.0,7.0,4.0,5.666666666666667
M. Turner,107.8,28.0,37.0,5.967741935483871,Myles Turner,"Turner, Myles",@ LAC,32.0,Myles Turner,C,37.07,5.98,6200.0,IND,107.25,"Turner, Myles",0.333333333,0.38983050799999996,1.074704806,0.973525587,1.118108787,0.0,0.54,0.313617766,0.751043115,0.313617766,31.0,36.473246624448,0.005882781713620645,10.0,11.0,8.5,11.0,8.5,9.833333333333334
M. Williams,110.8,16.0,27.3,6.066666666666666,Marvin Williams,"Williams, Marvin",PHI,32.0,Marvin Williams,SF/PF,26.71,5.94,4500.0,CHA,111,"Williams, Marvin",,0.41666666700000005,0.788778529,0.75525205,0.79561223,0.0,0.509803922,0.230872785,0.540946355,0.230872785,28.0,25.591244627231994,0.005686943250495999,14.0,8.0,10.0,14.0,8.0,10.666666666666666
D. Fox,118.3,26.0,40.8,5.828571428571428,De'Aaron Fox,"Fox, De'Aaron",BKN,35.0,De'Aaron Fox,PG,39.6,5.66,7000.0,SAC,118.25,"Fox, De'Aaron",0.26666666699999997,0.444444444,1.093153897,0.824526646,1.160310709,0.0,0.576923077,0.309791075,0.941091369,0.309791075,29.0,41.20081441675501,0.0058858306309650015,9.0,14.0,14.5,14.5,9.0,12.5
N. Batum,110.8,19.0,30.8,5.923076923076923,Nicolas Batum,"Batum, Nicolas",PHI,36.0,Nicolas Batum,SG/SF,29.42,5.66,5200.0,CHA,111,"Batum, Nicolas",,0.413793103,0.790484176,0.896533487,0.763971849,,0.403846154,0.22102913100000002,0.545842017,0.22102913100000002,29.0,29.497649995584,0.005672624999150769,15.0,12.0,14.5,15.0,12.0,13.833333333333334
C. Paul,119.8,29.0,40.3,5.676056338028169,Chris Paul,"Paul, Chris",@ ATL,32.0,Chris Paul,PG,40.03,5.64,7100.0,HOU,119.75,"Paul, Chris",,0.39285714299999996,1.177791596,1.31039908,1.151986978,0.0,0.333333333,0.302308519,0.897694787,0.302308519,24.0,41.013761808768,0.005776586170249015,13.0,16.0,16.0,16.0,13.0,15.0
K. Caldwell-Pope,109.3,18.0,22.5,5.769230769230769,Kentavious Caldwell-Pope,"Caldwell-Pope, Kentavious",@ MIL,28.0,Kentavious Caldwell-Pope,SG/SF,20.93,5.37,3900.0,LAL,109.5,"Caldwell-Pope, Kentavious",,0.5072463770000001,0.760292321,0.815762984,0.746424655,0.37209302299999997,0.333333333,0.309116124,0.46200414100000003,0.309116124,30.0,21.829451253372,0.0055972951931723075,20.0,15.0,28.0,28.0,15.0,21.0
K. Towns,112.0,10.0,58.0,5.979381443298969,Karl-Anthony Towns,"Towns, Karl-Anthony",GSW,35.0,Karl-Anthony Towns,C,58.73,6.05,9700.0,MIN,112,"Towns, Karl-Anthony",,0.45569620299999997,1.431221042,1.282420881,1.47297915,,0.509433962,0.390479206,1.0041497879999999,0.390479206,30.0,48.64486163943,0.005014934189631958,48.0,9.0,7.0,48.0,7.0,21.333333333333332
D. Russell,114.8,21.0,40.0,5.405405405405405,D'Angelo Russell,"Russell, D'Angelo",@ SAC,32.0,D'Angelo Russell,PG/SG,41.29,5.58,7400.0,BKN,114.75,"Russell, D'Angelo",0.153846154,0.6,1.201246186,1.134008324,1.216807918,,0.5471698110000001,0.34631511,0.896147404,0.34631511,31.0,39.725041735488,0.005368248883174054,28.0,20.0,17.5,28.0,17.5,21.833333333333332
W. Cauley-Stein,118.3,18.0,26.0,4.90566037735849,Willie Cauley-Stein,"Cauley-Stein, Willie",BKN,27.0,Willie Cauley-Stein,C,29.6,5.58,5300.0,SAC,118.25,"Cauley-Stein, Willie",0.5,0.358490566,1.073950081,0.995624579,1.093531457,,0.528301887,0.242055639,0.960191749,0.242055639,29.0,29.985055969203,0.005657557730038302,16.0,38.0,17.5,38.0,16.0,23.833333333333332
K. Durant,118.5,15.0,47.3,5.314606741573034,Kevin Durant,"Durant, Kevin",@ MIN,35.0,Kevin Durant,SF/PF,48.79,5.48,8900.0,GSW,118.5,"Durant, Kevin",,0.307692308,1.390558474,1.410836669,1.385488925,,0.44230769200000003,0.281770007,1.1601830659999999,0.281770007,31.0,48.99829064571,0.005505425915248314,25.0,22.0,25.0,25.0,22.0,24.0
K. Walker,110.8,5.0,47.3,5.839506172839506,Kemba Walker,"Walker, Kemba",PHI,36.0,Kemba Walker,PG,46.08,5.69,8100.0,CHA,111,"Walker, Kemba",,0.47297297299999996,1.195964649,1.100860439,1.2440446109999999,,0.423076923,0.31004048100000003,1.043046591,0.31004048100000003,29.0,40.618430815716,0.00501462108836,49.0,13.0,12.0,49.0,12.0,24.666666666666668
K. Middleton,120.3,4.0,40.8,6.08955223880597,Khris Middleton,"Middleton, Khris",LAL,32.0,Khris Middleton,SG/SF,40.09,5.98,6700.0,MIL,120.5,"Middleton, Khris",,0.5189873420000001,1.043958771,0.983319297,1.065031289,0.0,0.36956521700000006,0.218926631,0.881953867,0.218926631,26.0,32.111873571168,0.004792816950920597,62.0,6.0,8.5,62.0,6.0,25.5
D. Collison,107.8,30.0,32.3,5.568965517241379,Darren Collison,"Collison, Darren",@ LAC,31.0,Darren Collison,PG,31.58,5.44,5800.0,IND,107.25,"Collison, Darren",0.4,0.393442623,0.910494371,0.915274575,0.90929932,,0.490909091,0.299528136,0.590175864,0.299528136,32.0,30.772740410469,0.005305644898356724,34.0,17.0,26.0,34.0,17.0,25.666666666666668
B. Lopez,120.3,23.0,27.0,4.909090909090909,Brook Lopez,"Lopez, Brook",LAL,30.0,Brook Lopez,C,31.19,5.67,5500.0,MIL,120.5,"Lopez, Brook",0.0,0.415384615,0.885945838,1.015925495,0.871479378,,0.45833333299999995,0.222815263,0.6690355410000001,0.222815263,28.0,28.93144551066,0.0052602628201200005,37.0,37.0,13.0,37.0,13.0,29.0
A. Wiggins,112.0,16.0,26.0,4.814814814814815,Andrew Wiggins,"Wiggins, Andrew",GSW,35.0,Andrew Wiggins,SG/SF,31.69,5.87,5400.0,MIN,112,"Wiggins, Andrew",,0.405063291,0.854954648,0.812470321,0.86608126,0.0,0.489795918,0.266768989,0.729853016,0.266768989,26.0,30.36078688692,0.005622367942022222,19.0,58.5,11.0,58.5,11.0,29.5
J. Butler,112.3,20.0,37.0,5.211267605633803,Jimmy Butler,"Butler, Jimmy",@ CHA,35.0,Jimmy Butler,SG/SF,37.08,5.22,7100.0,PHI,112,"Butler, Jimmy",,0.571428571,1.094269561,1.106550807,1.09119925,0.0,0.428571429,0.310119957,0.8268792709999999,0.310119957,26.0,39.348652161315,0.005542063684692254,24.0,23.0,42.0,42.0,23.0,29.666666666666668
J. Allen,114.8,20.0,26.8,4.872727272727273,Jarrett Allen,"Allen, Jarrett",@ SAC,28.0,Jarrett Allen,C,30.35,5.52,5500.0,BKN,114.75,"Allen, Jarrett",0.31707317100000004,0.576923077,1.022499204,0.897181549,1.053828618,0.0,0.490196078,0.251433644,0.817523143,0.251433644,29.0,29.741648402928,0.005407572436896,26.0,44.5,22.0,44.5,22.0,30.833333333333332
S. Curry,118.5,15.0,47.0,5.108695652173913,Stephen Curry,"Curry, Stephen",@ MIN,35.0,Stephen Curry,PG/SG,47.97,5.21,9200.0,GSW,118.5,"Curry, Stephen",0.0,0.44,1.40907698,1.439573953,1.401452736,0.0,0.487804878,0.371870033,1.105033301,0.371870033,20.0,49.6263457767,0.005394168019206521,27.0,25.0,43.0,43.0,25.0,31.666666666666668
Josh Hart,109.3,18.0,17.0,5.151515151515151,Josh Hart,"Hart, Josh",@ MIL,23.0,Josh Hart,SG/SF,17.82,5.4,3300.0,LAL,109.5,"Hart, Josh",0.128205128,0.6315789470000001,0.703330403,0.65294188,0.712715222,0.264705882,0.333333333,0.290167612,0.449904276,0.290167612,31.0,16.661824691661003,0.005049037785351819,46.0,24.0,27.0,46.0,24.0,32.333333333333336
J. Harden,119.8,29.0,61.0,5.446428571428572,James Harden,"Harden, James",@ ATL,34.0,James Harden,PG/SG,58.08,5.19,11200.0,HOU,119.75,"Harden, James",,0.457142857,1.663451486,1.569850542,1.700793655,0.0,0.64,0.37768041799999996,1.27012987,0.37768041799999996,26.0,59.57767265775599,0.005319435058728213,33.0,19.0,45.0,45.0,19.0,32.333333333333336
Trae Young,111.8,10.0,43.0,5.972222222222222,Trae Young,"Young, Trae",HOU,32.0,Trae Young,PG,40.11,5.57,7200.0,ATL,111.75,"Young, Trae",,,1.080893604,,1.089944723,,0.452830189,0.26988978,0.781856571,0.26988978,30.0,33.593148872831996,0.004665715121226666,68.0,10.0,19.0,68.0,10.0,32.333333333333336
Kyle Kuzma,109.3,6.0,32.8,5.5593220338983045,Kyle Kuzma,"Kuzma, Kyle",@ MIL,32.0,Kyle Kuzma,SF/PF,31.4,5.32,5900.0,LAL,109.5,"Kuzma, Kyle",0.435897436,0.5277777779999999,0.954284088,0.939249088,0.946492436,0.0,0.44897959200000004,0.24450797800000001,0.76476527,0.24450797800000001,31.0,28.659241000704,0.004857498474695594,59.0,18.0,31.0,59.0,18.0,36.0
J. Lamb,110.8,19.0,30.0,4.918032786885246,Jeremy Lamb,"Lamb, Jeremy",PHI,32.0,Jeremy Lamb,SG/SF,32.13,5.27,6100.0,CHA,111,"Lamb, Jeremy",0.35714285700000004,0.444444444,0.969487458,0.970818287,0.975212602,0.0,0.4,0.24779189100000001,0.8145921079999999,0.24779189100000001,29.0,31.770667097663996,0.005208306081584261,39.0,35.0,35.0,39.0,35.0,36.333333333333336
Alex Caruso,109.3,8.0,17.0,4.722222222222222,Alex Caruso,"Caruso, Alex",@ MIL,26.0,Alex Caruso,PG/SG,19.05,5.29,3600.0,LAL,109.5,"Caruso, Alex",,,1.0,,1.0,0.0,,,,,,24.749399999999998,0.006874833333333333,2.0,74.0,33.5,74.0,2.0,36.5
JJ Redick,112.3,20.0,24.5,4.711538461538462,J.J. Redick,"Redick, J.J.",@ CHA,33.0,J.J. Redick,SG/SF,28.77,5.53,5200.0,PHI,112,"Redick, J.J.",,,0.885811773,,0.885811773,,0.470588235,0.22247522600000003,0.657282458,0.22247522600000003,32.0,30.434303065221,0.0058527505894655765,12.0,77.0,21.0,77.0,12.0,36.666666666666664
B. Hield,118.3,3.0,37.0,5.36231884057971,Buddy Hield,"Hield, Buddy",BKN,34.0,Buddy Hield,SG/SF,37.91,5.49,6900.0,SAC,118.25,"Hield, Buddy",0.5,0.307692308,1.007981662,0.92830033,1.03704412,,0.5471698110000001,0.264782358,0.8341755409999999,0.264782358,30.0,32.525563836252,0.004713849831340869,66.0,21.0,24.0,66.0,21.0,37.0
S. Dinwiddie,114.8,21.0,29.0,4.833333333333333,Spencer Dinwiddie,"Dinwiddie, Spencer",@ SAC,30.0,Spencer Dinwiddie,PG/SG,32.05,5.34,6000.0,BKN,114.75,"Dinwiddie, Spencer",0.25,0.33928571399999996,1.02051609,0.991898032,1.027670604,0.46,0.0,0.296798748,0.8238495790000001,0.296798748,31.0,31.988402736300003,0.005331400456050001,31.0,52.5,29.0,52.5,29.0,37.5
J. McGee,109.3,24.0,23.8,4.958333333333334,JaVale McGee,"McGee, JaVale",@ MIL,21.0,JaVale McGee,C,24.38,5.08,4800.0,LAL,109.5,"McGee, JaVale",0.153846154,0.454545455,1.161400778,1.102858172,1.174016346,0.176470588,0.473684211,0.35367472899999997,0.897845652,0.35367472899999997,29.0,25.290244431521998,0.0052688009232337496,36.0,32.0,52.0,52.0,32.0,40.0
Klay Thompson,118.5,29.0,36.8,5.041095890410959,Klay Thompson,"Thompson, Klay",@ MIN,35.0,Klay Thompson,SG,36.12,4.95,7300.0,GSW,118.5,"Thompson, Klay",,0.342857143,1.006353067,0.929499152,1.035899125,0.0,0.490196078,0.40611272600000003,0.7471482890000001,0.40611272600000003,31.0,38.907964267305005,0.005329858118808904,32.0,27.0,62.0,62.0,27.0,40.333333333333336
Lou Williams,112.3,9.0,33.3,4.897058823529411,Lou Williams,"Williams, Louis",IND,29.0,Lou Williams,PG/SG,35.67,5.25,6800.0,LAC,111.75,"Williams, Louis",0.43859649100000003,0.36842105299999994,1.214790858,1.097402811,1.2377632809999999,0.509433962,,0.34734321700000004,0.9131984059999999,0.34734321700000004,25.0,34.075937900658,0.005011167338332058,50.0,40.0,37.5,50.0,37.5,42.5
Ben Simmons,112.3,3.0,42.0,4.9411764705882355,Ben Simmons,"Simmons, Ben",@ CHA,35.0,Ben Simmons,PG/SF,42.79,5.03,8500.0,PHI,112,"Simmons, Ben",,0.4,1.332248676,1.264368609,1.332380802,0.0,0.46153846200000004,0.307165245,1.058314916,0.307165245,30.0,43.84971384654,0.005158789864298823,42.0,33.0,56.5,56.5,33.0,43.833333333333336
Mike Scott,112.3,29.0,16.3,4.6571428571428575,Mike Scott,"Scott, Mike",@ CHA,25.0,Mike Scott,SF/PF,18.07,5.16,3500.0,PHI,112,"Scott, Mike",0.347222222,0.0,0.769443183,0.78581083,0.757869674,0.173076923,,0.283686461,0.48222650799999994,0.283686461,27.0,21.587261108175003,0.006167788888050001,6.0,80.5,46.0,80.5,6.0,44.166666666666664
D. Sabonis,107.8,1.0,27.3,4.7894736842105265,Domantas Sabonis,"Sabonis, Domantas",@ LAC,25.0,Domantas Sabonis,PF/C,31.63,5.55,5700.0,IND,107.25,"Sabonis, Domantas",0.326923077,0.578947368,1.23876208,1.038693608,1.286351577,0.5,1.0,0.334533402,1.064675656,0.334533402,30.0,28.419011388000005,0.0049857914715789485,51.0,65.0,20.0,65.0,20.0,45.333333333333336
John Collins,111.8,20.0,37.8,5.04,John Collins,"Collins, John",HOU,30.0,John Collins,PF/C,37.91,5.05,7500.0,ATL,111.75,"Collins, John",0.45833333299999995,0.434782609,1.207828414,1.034398007,1.251186016,0.055555556,0.485714286,0.284356964,0.888415374,0.284356964,15.0,36.98357199498,0.004931142932663999,54.0,28.0,54.0,54.0,28.0,45.333333333333336
D. Gallinari,112.3,24.0,34.3,4.971014492753622,Danilo Gallinari,"Gallinari, Danilo",IND,31.0,Danilo Gallinari,SF/PF,35.51,5.15,6900.0,LAC,111.75,"Gallinari, Danilo",,0.263157895,1.009006582,0.834519492,1.052628354,0.0,0.46511627899999997,0.237034209,0.9234696109999999,0.237034209,28.0,33.034448716698,0.004787601263289565,63.0,29.0,47.0,63.0,29.0,46.333333333333336
H. Barnes,118.3,17.0,27.0,4.821428571428572,Harrison Barnes,"Barnes, Harrison",BKN,35.0,Harrison Barnes,SF/PF,26.79,4.78,5600.0,SAC,118.25,"Barnes, Harrison",,0.493333333,0.863262204,0.920087849,0.849055793,0.0,0.4375,0.242301209,0.643447662,0.242301209,24.0,31.514037648659997,0.005627506722974999,17.0,56.0,72.0,72.0,17.0,48.333333333333336
F. Kaminsky,110.8,5.0,21.0,4.7727272727272725,Frank Kaminsky,"Kaminsky, Frank",PHI,24.0,Frank Kaminsky,PF/C,23.27,5.29,4400.0,CHA,111,"Kaminsky, Frank",,,0.987480178,,0.987480178,0.134615385,,0.403988509,0.6844547559999999,0.403988509,11.0,22.230439019568003,0.005052372504447273,45.0,67.0,33.5,67.0,33.5,48.5
D. Green,118.5,16.0,30.0,4.761904761904762,Draymond Green,"Green, Draymond",@ MIN,33.0,Draymond Green,PF/C,31.62,5.02,6300.0,GSW,118.5,"Green, Draymond",0.0,0.43076923100000003,1.047826353,1.121586549,1.024248407,0.0,0.43243243200000003,0.228258755,0.724039013,0.228258755,17.0,35.436843289881004,0.005624895760298572,18.0,69.5,58.5,69.5,18.0,48.666666666666664
C. Capela,119.8,15.0,37.5,4.87012987012987,Clint Capela,"Capela, Clint",@ ATL,33.0,Clint Capela,C,37.77,4.91,7700.0,HOU,119.75,"Capela, Clint",,0.430555556,1.198493321,1.244071492,1.187098779,0.0,0.585365854,0.24874616300000002,0.993801899,0.24874616300000002,29.0,40.185420925616995,0.005218885834495713,38.0,46.0,64.0,64.0,38.0,49.333333333333336
T. Harris,112.3,29.0,34.5,4.791666666666667,Tobias Harris,"Harris, Tobias",@ CHA,35.0,Tobias Harris,SF/PF,35.25,4.9,7200.0,PHI,112,"Harris, Tobias",,0.405405405,1.060311003,0.963756622,1.082649543,,0.5,0.236488294,0.8750391670000001,0.236488294,29.0,40.086947666745004,0.005567631620381251,22.0,64.0,65.0,65.0,22.0,50.333333333333336
Ed Davis,114.8,20.0,16.5,4.714285714285714,Ed Davis,"Davis, Ed",@ SAC,18.0,Ed Davis,C,17.76,5.07,3500.0,BKN,114.75,"Davis, Ed",0.342105263,,1.039435385,0.907480349,1.0724241429999999,0.557692308,1.0,0.30421196,0.736885928,0.30421196,31.0,19.415031985169996,0.005547151995762856,23.0,75.5,53.0,75.5,23.0,50.5
T. Prince,111.8,2.0,23.3,4.854166666666667,Taurean Prince,"Prince, Taurean",HOU,29.0,Taurean Prince,SF,25.1,5.23,4800.0,ATL,111.75,"Prince, Taurean",0.0,0.46153846200000004,0.874310614,0.854662405,0.874640704,0.071428571,0.44,0.286133906,0.725249424,0.286133906,21.0,23.246602564013997,0.004843042200836249,61.0,49.5,41.0,61.0,41.0,50.5
K. Huerter,111.8,27.0,19.8,4.829268292682928,Kevin Huerter,"Huerter, Kevin",HOU,26.0,Kevin Huerter,SG/SF,20.68,5.04,4100.0,ATL,111.75,"Huerter, Kevin",,,0.727327146,,0.734307953,0.25,0.696969697,0.261926566,0.517857758,0.261926566,27.0,21.038680116324002,0.005131385394225366,43.0,54.0,55.0,55.0,43.0,50.666666666666664
B. Bogdanovic,107.8,1.0,28.8,4.881355932203389,Bogdan Bogdanovic,"Bogdanovic, Bogdan",BKN,26.0,Bogdan Bogdanovic,SG/SF,25.18,5.25,4800.0,SAC,118.25,"Bogdanovic, Bogdan",0.5,0.30612244899999996,0.943841555,0.809935661,0.977318028,0.363636364,0.7777777779999999,0.25477713,0.761133539,0.25477713,19.0,22.12554413667,0.00460948836180625,72.0,42.5,37.5,72.0,37.5,50.666666666666664
D. Saric,112.0,6.0,18.8,4.820512820512821,Dario Saric,"Saric, Dario",GSW,23.0,Dario Saric,PF,20.48,5.25,3900.0,MIN,112,"Saric, Dario",0.0,0.529411765,0.858084185,0.98103479,0.842077794,0.3,0.46153846200000004,0.28462991600000004,0.694173464,0.28462991600000004,28.0,18.641122231095004,0.004779774931050001,64.0,57.0,37.5,64.0,37.5,52.833333333333336
D. Carroll,114.8,26.0,19.8,4.604651162790698,DeMarre Carroll,"Carroll, DeMarre",@ SAC,25.0,DeMarre Carroll,SF/PF,22.55,5.24,4300.0,BKN,114.75,"Carroll, DeMarre",,0.535211268,0.841019011,0.924762184,0.820083218,0.41509434,,0.299674011,0.46057222600000003,0.299674011,21.0,23.058685541475,0.005362485009645349,29.0,90.0,40.0,90.0,29.0,53.0
A. Iguodala,118.5,29.0,17.5,4.605263157894737,Andre Iguodala,"Iguodala, Andre",@ MIN,24.0,Andre Iguodala,SG/SF,19.4,5.11,3800.0,GSW,118.5,"Iguodala, Andre",0.321428571,0.428571429,0.772415183,0.732707942,0.803654799,0.487804878,0.363636364,0.296601946,0.521528302,0.296601946,25.0,21.239287495848004,0.005589286183117896,21.0,89.0,49.5,89.0,21.0,53.166666666666664
R. Rondo,109.3,8.0,29.0,4.833333333333333,Rajon Rondo,"Rondo, Rajon",@ MIL,30.0,Rajon Rondo,PG,30.6,5.1,6000.0,LAL,109.5,"Rondo, Rajon",0.333333333,0.36842105299999994,1.027118493,1.022145828,1.011601328,0.086956522,0.666666667,0.33714704700000003,0.759493671,0.33714704700000003,11.0,29.345334591509996,0.004890889098584999,56.0,52.5,51.0,56.0,51.0,53.166666666666664
T. Young,107.8,20.0,28.3,4.796610169491525,Thaddeus Young,"Young, Thaddeus",@ LAC,34.0,Thaddeus Young,SF/PF,29.63,5.02,5900.0,IND,107.25,"Young, Thaddeus",,0.379746835,0.88022468,0.822744361,0.92013573,,0.509090909,0.29075368100000004,0.654260057,0.29075368100000004,32.0,30.713482307279996,0.005205674967335592,40.0,61.0,58.5,61.0,40.0,53.166666666666664
B. Bogdanovic,107.8,1.0,28.8,4.881355932203389,Bojan Bogdanovic,"Bogdanovic, Bojan",@ LAC,33.0,Bojan Bogdanovic,SG/SF,31.36,5.32,5900.0,IND,107.25,"Bogdanovic, Bojan",,0.423076923,0.810402997,0.730040275,0.830493677,,0.581818182,0.226474347,0.584003128,0.226474347,32.0,23.815456635069,0.004036518073740509,88.0,42.5,31.0,88.0,31.0,53.833333333333336
D. Dedmon,111.8,20.0,27.5,4.910714285714286,Dewayne Dedmon,"Dedmon, Dewayne",HOU,26.0,Dewayne Dedmon,PF/C,27.18,4.85,5600.0,ATL,111.75,"Dedmon, Dewayne",0.117647059,0.5476190479999999,1.018737603,0.994566114,1.024780475,0.25,0.545454545,0.28464565,0.7952516359999999,0.28464565,24.0,27.288475169981997,0.004872941994639642,58.0,36.0,70.0,70.0,36.0,54.666666666666664
I. Zubac,112.3,25.0,24.3,4.86,Ivica Zubac,"Zubac, Ivica",IND,22.0,Ivica Zubac,C,24.83,4.97,5000.0,LAC,111.75,"Zubac, Ivica",0.205128205,,1.048947442,0.745266558,1.101661202,0.162790698,0.41666666700000005,0.314812478,0.78231923,0.314812478,3.0,24.427261568555995,0.004885452313711199,57.0,47.0,61.0,61.0,47.0,55.0
D. Bembry,111.8,27.0,16.3,4.794117647058824,DeAndre Bembry,"Bembry, DeAndre",HOU,20.0,DeAndre Bembry,SG/SF,16.78,4.94,3400.0,ATL,111.75,"Bembry, DeAndre",0.434782609,,0.800919819,0.639282593,0.841329126,0.435897436,0.35714285700000004,0.340217768,0.643388069,0.340217768,30.0,17.609826092219997,0.005179360615358823,41.0,63.0,63.0,63.0,41.0,55.666666666666664
Cory Joseph,107.8,30.0,15.3,4.636363636363637,Cory Joseph,"Joseph, Cory",@ LAC,21.0,Cory Joseph,PG/SG,16.93,5.13,3300.0,IND,107.25,"Joseph, Cory",0.467741935,0.352941176,0.745397408,0.70350287,0.7692069220000001,0.538461538,0.666666667,0.260654806,0.596873385,0.260654806,32.0,17.486491855392,0.005298936925876363,35.0,84.5,48.0,84.5,35.0,55.833333333333336
P.J. Tucker,119.8,25.0,19.3,4.595238095238095,P.J. Tucker,"Tucker, P.J.",@ ATL,34.0,P.J. Tucker,SF/PF,20.51,4.88,4200.0,HOU,119.75,"Tucker, P.J.",,0.518518519,0.629142353,0.631307083,0.6286699370000001,,0.490566038,0.205954506,0.43040323399999997,0.205954506,29.0,24.685323961938,0.0058774580861757145,11.0,91.0,68.0,91.0,11.0,56.666666666666664
M. Harrell,112.3,3.0,32.8,4.96969696969697,Montrezl Harrell,"Harrell, Montrezl",IND,27.0,Montrezl Harrell,PF/C,32.16,4.87,6600.0,LAC,111.75,"Harrell, Montrezl",0.397058824,0.333333333,1.163805866,1.142363826,1.165354684,0.510204082,0.0,0.32089947399999996,0.873959229,0.32089947399999996,29.0,29.419952872158,0.004457568616993636,79.0,30.0,69.0,79.0,30.0,59.333333333333336
Joe Harris,114.8,10.0,21.8,4.739130434782609,Joe Harris,"Harris, Joe",@ SAC,30.0,Joe Harris,SG/SF,23.01,5.0,4600.0,BKN,114.75,"Harris, Joe",0.412698413,0.5,0.784546605,0.74914261,0.788393206,0.0,0.4375,0.232751187,0.630959752,0.232751187,28.0,23.148769807349996,0.005032341262467391,47.0,72.0,60.0,72.0,47.0,59.666666666666664
P. Beverley,112.3,9.0,25.5,4.811320754716982,Patrick Beverley,"Beverley, Patrick",IND,32.0,Patrick Beverley,PG/SG,27.08,5.11,5300.0,LAC,111.75,"Beverley, Patrick",,0.3,0.793599628,0.864000855,0.775999322,0.28571428600000004,0.52,0.288871659,0.550958917,0.288871659,29.0,24.540737265024,0.0046303277858535845,70.0,60.0,49.5,70.0,49.5,59.833333333333336
B. Bogdanovic,118.3,3.0,22.3,4.645833333333334,Bogdan Bogdanovic,"Bogdanovic, Bogdan",BKN,26.0,Bogdan Bogdanovic,SG/SF,25.18,5.25,4800.0,SAC,118.25,"Bogdanovic, Bogdan",0.5,0.30612244899999996,0.943841555,0.809935661,0.977318028,0.363636364,0.7777777779999999,0.25477713,0.761133539,0.25477713,19.0,23.25654413667,0.004845113361806251,60.0,82.5,37.5,82.5,37.5,60.0
Eric Gordon,119.8,11.0,26.8,4.872727272727273,Eric Gordon,"Gordon, Eric",@ ATL,32.0,Eric Gordon,SG/SF,26.42,4.8,5500.0,HOU,119.75,"Gordon, Eric",0.307692308,0.517241379,0.798910374,0.857429838,0.7842805079999999,0.12,0.5,0.28556054399999997,0.515297907,0.28556054399999997,26.0,25.809412876992,0.004692620523089454,67.0,44.5,71.0,71.0,44.5,60.833333333333336
B. Bogdanovic,118.3,3.0,22.3,4.645833333333334,Bojan Bogdanovic,"Bogdanovic, Bojan",@ LAC,33.0,Bojan Bogdanovic,SG/SF,31.36,5.32,5900.0,IND,107.25,"Bogdanovic, Bojan",,0.423076923,0.810402997,0.730040275,0.830493677,,0.581818182,0.226474347,0.584003128,0.226474347,32.0,25.250956635069,0.004279823158486271,84.0,82.5,31.0,84.0,31.0,65.83333333333333
L. Shamet,112.3,8.0,19.3,4.825,Landry Shamet,"Shamet, Landry",IND,28.0,Landry Shamet,SG/SF,18.93,4.73,4000.0,LAC,111.75,"Shamet, Landry",,,0.684878864,,0.66897802,0.34,0.25,0.330748754,0.37185147700000004,0.330748754,32.0,18.355333338048,0.004588833334511999,73.0,55.0,74.5,74.5,55.0,67.5
J. Green,112.3,24.0,15.5,4.428571428571429,JaMychal Green,"Green, JaMychal",IND,18.0,JaMychal Green,SF/PF,16.67,4.76,3500.0,LAC,111.75,"Green, JaMychal",0.0,0.519230769,0.980669441,0.899216593,0.9918527340000001,0.34,0.25,0.346373902,0.642077339,0.346373902,18.0,18.687036389921996,0.005339153254263427,30.0,103.0,73.0,103.0,30.0,68.66666666666667
H. Giles,118.3,19.0,15.8,3.95,Harry Giles,"Giles, Harry",BKN,18.0,Harry Giles,PF/C,20.79,5.2,4000.0,SAC,118.25,"Giles, Harry",,,1.084655542,,1.0846555420000001,0.264150943,,0.383222181,0.62394958,0.383222181,10.0,20.284761963563994,0.005071190490890999,44.0,121.0,44.0,121.0,44.0,69.66666666666667
Alex Len,111.8,13.0,23.5,4.795918367346938,Alex Len,"Len, Alex",HOU,22.0,Alex Len,C,21.87,4.46,4900.0,ATL,111.75,"Len, Alex",0.38888888899999996,0.636363636,1.067137141,1.054974832,1.059164395,0.333333333,0.4,0.36594757,0.734094617,0.36594757,26.0,23.198029571838,0.004734291749354694,65.0,62.0,82.0,82.0,62.0,69.66666666666667
Tyus Jones,112.0,22.0,24.8,4.769230769230769,Tyus Jones,"Jones, Tyus",GSW,29.0,Tyus Jones,PG,25.41,4.89,5200.0,MIN,112,"Jones, Tyus",0.161764706,0.545454545,0.758542887,0.742637517,0.76251923,0.212765957,0.666666667,0.308504683,0.45035314299999996,0.308504683,29.0,23.490813667587002,0.004517464166843654,75.0,68.0,66.5,75.0,66.5,69.83333333333333
M. Bagley III,118.3,19.0,26.0,4.814814814814815,Marvin Bagley III,"Bagley, Marvin",BKN,22.0,Marvin Bagley III,PF/C,25.19,4.66,5400.0,SAC,118.25,"Bagley, Marvin",,,1.06197126,,1.06197126,0.326923077,1.0,0.26301387800000003,0.822679747,0.26301387800000003,24.0,24.308903320679995,0.004501648763088888,77.0,58.5,77.0,77.0,58.5,70.83333333333333
Shai Gilgeous-Alexander,112.3,9.0,23.8,4.857142857142857,Shai Gilgeous-Alexander,"Gilgeous-Alexander, Shai",IND,28.0,Shai Gilgeous-Alexander,PG/SG,22.02,4.49,4900.0,LAC,111.75,"Gilgeous-Alexander, Shai",,,0.765786292,,0.765786292,0.444444444,0.386363636,0.270797411,0.532811109,0.270797411,29.0,20.718513674544,0.004228268096845714,86.0,48.0,81.0,86.0,48.0,71.66666666666667
Kent Bazemore,111.8,27.0,20.8,4.622222222222223,Kent Bazemore,"Bazemore, Kent",HOU,21.0,Kent Bazemore,SG/SF,20.92,4.65,4500.0,ATL,111.75,"Bazemore, Kent",,0.35384615399999997,0.98812349,0.966070545,0.993636726,0.130434783,0.5,0.27519778,0.7804081740000001,0.27519778,30.0,22.299724898010002,0.00495549442178,52.0,87.0,78.0,87.0,52.0,72.33333333333333
Taj Gibson,112.0,6.0,21.5,4.886363636363636,Taj Gibson,"Gibson, Taj",GSW,21.0,Taj Gibson,PF/C,18.31,4.16,4400.0,MIN,112,"Gibson, Taj",,0.417721519,0.881123845,0.759321375,0.911574463,0.0,0.519230769,0.271877518,0.727630453,0.271877518,29.0,17.488989121905,0.003974770254978409,90.0,41.0,88.5,90.0,41.0,73.16666666666667
N. Bjelica,118.3,19.0,23.3,4.854166666666667,Nemanja Bjelica,"Bjelica, Nemanja",BKN,20.0,Nemanja Bjelica,PF,20.66,4.3,4800.0,SAC,118.25,"Bjelica, Nemanja",0.162790698,0.523809524,0.928529225,0.776268386,0.966594435,0.5,0.431372549,0.281992681,0.784536364,0.281992681,29.0,19.5128963805,0.004065186745937499,87.0,49.5,85.5,87.0,49.5,74.0
W. Matthews,107.8,1.0,22.0,4.782608695652175,Wesley Matthews,"Matthews, Wes",@ LAC,32.0,Wesley Matthews,SG/SF,21.23,4.62,4600.0,IND,107.25,"Matthews, Wes",,0.444444444,0.721428244,0.714141631,0.716143215,0.0,0.5,0.25342396300000003,0.617022293,0.25342396300000003,24.0,20.334846989952002,0.004420618910859131,81.0,66.0,79.0,81.0,66.0,75.33333333333333
K. Faried,119.8,12.0,18.5,4.743589743589744,Kenneth Faried,"Faried, Kenneth",@ ATL,16.0,Kenneth Faried,PF/C,17.08,4.38,3900.0,HOU,119.75,"Faried, Kenneth",0.08,0.857142857,1.094872404,0.914993404,1.139842154,0.04444444400000001,0.75,0.24680048899999998,0.869639713,0.24680048899999998,2.0,17.589301751616,0.004510077372209231,76.0,71.0,84.0,84.0,71.0,77.0
T. Evans,107.8,1.0,13.8,4.451612903225807,Tyreke Evans,"Evans, Tyreke",@ LAC,16.0,Tyreke Evans,SG/SF,14.67,4.73,3100.0,IND,107.25,"Evans, Tyreke",0.6315789470000001,0.580645161,0.998504938,1.180452655,0.9530180090000001,0.26829268300000003,0.35714285700000004,0.341934202,0.625949509,0.341934202,30.0,14.463220558751999,0.004665555018952257,69.0,100.5,74.5,100.5,69.0,81.33333333333333
K. Looney,118.5,16.0,18.0,4.615384615384616,Kevon Looney,"Looney, Kevon",@ MIN,19.0,Kevon Looney,PF/C,16.76,4.3,3900.0,GSW,118.5,"Looney, Kevon",0.233333333,0.666666667,0.919616178,0.793823473,0.9516664840000001,0.46666666700000003,0.636363636,0.281279178,0.687732342,0.281279178,31.0,18.042553453157996,0.004626295757219999,71.0,88.0,85.5,88.0,71.0,81.5
R. Kurucs,114.8,26.0,20.8,4.727272727272727,Rodions Kurucs,"Kurucs, Rodions",@ SAC,22.0,Rodions Kurucs,SF/PF,17.59,4.0,4400.0,BKN,114.75,"Kurucs, Rodions",,,0.798123247,,0.787184743,0.148148148,0.423076923,0.256612556,0.5991585460000001,0.256612556,14.0,19.377191379546,0.004403907131715,82.0,73.0,94.0,94.0,73.0,83.0
B. Biyombo,110.8,3.0,15.0,4.411764705882353,Bismack Biyombo,"Biyombo, Bismack",PHI,18.0,Bismack Biyombo,C,16.64,4.89,3400.0,CHA,111,"Biyombo, Bismack",0.188679245,0.41666666700000005,0.9084962,0.854250367,0.922057658,0.027777778,0.375,0.34056274700000005,0.845229687,0.34056274700000005,3.0,15.079190720399998,0.004435056094235294,80.0,104.0,66.5,104.0,66.5,83.5
R. Bullock,109.3,18.0,15.3,4.5,Reggie Bullock,"Bullock, Reggie",@ MIL,22.0,Reggie Bullock,SG/SF,15.57,4.58,3400.0,LAL,109.5,"Bullock, Reggie",0.0,0.37254902,0.667830691,0.671663546,0.6668724779999999,0.0,0.5121951220000001,0.225826303,0.488102964,0.225826303,19.0,15.180614670738002,0.0044648866678641186,78.0,96.0,80.0,96.0,78.0,84.66666666666667
T. Graham,114.8,26.0,14.0,4.666666666666667,Treveon Graham,"Graham, Treveon",@ SAC,21.0,Treveon Graham,SF/PF,12.08,4.03,3000.0,BKN,114.75,"Graham, Treveon",0.18965517199999998,0.0,0.538398565,0.548959177,0.5357584129999999,0.024390244,0.333333333,0.280792269,0.227823418,0.280792269,2.0,13.211272399185,0.004403757466395,83.0,78.5,93.0,93.0,78.5,84.83333333333333
D. Bacon,110.8,19.0,13.3,4.15625,Dwayne Bacon,"Bacon, Dwayne",PHI,22.0,Dwayne Bacon,SG/SF,13.74,4.29,3200.0,CHA,111,"Bacon, Dwayne",0.111111111,0.333333333,0.685965333,0.529044658,0.725195502,0.076923077,,0.336060116,0.504966182,0.336060116,10.0,15.798208968893999,0.004936940302779374,53.0,117.0,87.0,117.0,53.0,85.66666666666667
Josh Okogie,112.0,16.0,16.3,4.527777777777778,Josh Okogie,"Okogie, Josh",GSW,22.0,Josh Okogie,SG/SF,14.98,4.16,3600.0,MIN,112,"Okogie, Josh",,,0.724037021,,0.7154253690000001,0.275862069,0.375,0.362206742,0.43498929799999997,0.362206742,17.0,16.293021213678,0.004525839226021666,74.0,95.0,88.5,95.0,74.0,85.83333333333333
J. Bayless,112.0,22.0,10.8,3.375,Jerryd Bayless,"Bayless, Jerryd",GSW,20.0,Jerryd Bayless,PG/SG,14.2,4.44,3200.0,MIN,112,"Bayless, Jerryd",,,0.733160851,,0.733160851,0.042553191,0.666666667,0.365198605,,0.365198605,,15.708657292379996,0.004908955403868749,55.0,123.0,83.0,123.0,55.0,87.0
V. Carter,111.8,2.0,16.3,4.6571428571428575,Vince Carter,"Carter, Vince",HOU,18.0,Vince Carter,SF/PF,14.23,4.07,3500.0,ATL,111.75,"Carter, Vince",0.254901961,0.5,0.801682057,0.659424362,0.83724648,0.288888889,0.25,0.309115868,0.593385214,0.309115868,26.0,13.162138438193995,0.0037606109823411418,94.0,80.5,90.5,94.0,80.5,88.33333333333333
K. Bates-Diop,112.0,5.0,16.5,4.714285714285714,Keita Bates-Diop,"Bates-Diop, Keita",GSW,18.0,Keita Bates-Diop,SF,13.66,3.9,3500.0,MIN,112,"Bates-Diop, Keita",,,0.708333333,,0.708333333,0.0,,,0.708333333,,1.0,11.868749994186,0.003391071426910286,100.0,75.5,97.0,100.0,75.5,90.83333333333333
G. Green,119.8,11.0,15.3,4.636363636363637,Gerald Green,"Green, Gerald",@ ATL,16.0,Gerald Green,SG/SF,12.25,3.71,3300.0,HOU,119.75,"Green, Gerald",0.28571428600000004,0.0,0.746488069,0.831543762,0.748759044,0.377358491,,0.316721235,0.456658544,0.316721235,23.0,12.091951021776,0.0036642275823563636,97.0,84.5,101.0,101.0,84.5,94.16666666666667
G. Hill,120.3,25.0,13.0,4.333333333333333,George Hill,"Hill, George",LAL,16.0,George Hill,PG/SG,11.96,3.99,3000.0,MIL,120.5,"Hill, George",0.28571428600000004,0.36842105299999994,0.702206233,0.721142072,0.719282595,0.263157895,0.307692308,0.320285047,0.412522599,0.320285047,18.0,12.773405436431998,0.004257801812143999,85.0,107.5,95.0,107.5,85.0,95.83333333333333
,,,,,,,LAL,20.0,D.J. Wilson,PF/C,17.07,5.51,3100.0,MIL,120.5,,,,0.0,,,,,,,,,,,119.0,147.0,23.0,147.0,23.0,96.33333333333333
Tony Snell,120.3,4.0,8.5,2.65625,Tony Snell,"Snell, Tony",LAL,21.0,Tony Snell,SG/SF,15.03,4.7,3200.0,MIL,120.5,"Snell, Tony",0.1875,0.321428571,0.634102891,0.481717651,0.666419465,0.166666667,0.833333333,0.265136918,0.38908765700000003,0.265136918,27.0,12.733259728958998,0.003979143665299687,89.0,125.0,76.0,125.0,76.0,96.66666666666667
R. Covington,112.0,5.0,28.3,4.964912280701754,Robert Covington,"Covington, Robert",,,,,,,,,,"Covington, Robert",,0.405405405,0.875373755,0.88260598,0.873565699,0.0,0.484848485,0.237645246,0.651438996,0.237645246,27.0,,,135.0,31.0,132.0,135.0,31.0,99.33333333333333
M. Bridges,110.8,16.0,14.8,4.484848484848485,Miles Bridges,"Bridges, Miles",PHI,15.0,Miles Bridges,SF/PF,12,3.64,3300.0,CHA,111,"Bridges, Miles",,,0.778973391,,0.778973391,0.269230769,,0.327235657,0.589246178,0.327235657,28.0,11.853378238185,0.00359193279945,99.0,97.5,104.0,104.0,97.5,100.16666666666667
D. House Jr.,119.8,25.0,19.3,5.078947368421053,Danuel House,"House, Danuel",,,,,,,,,,"House, Danuel",,,0.697622481,,0.6976224809999999,0.181818182,0.666666667,0.24279398600000002,0.420696325,0.24279398600000002,11.0,,,129.0,26.0,149.0,149.0,26.0,101.33333333333333
Doug McDermott,107.8,20.0,13.3,4.433333333333334,Doug McDermott,"McDermott, Doug",@ LAC,16.0,Doug McDermott,SF/PF,10.94,3.65,3000.0,IND,107.25,"McDermott, Doug",0.256756757,0.25,0.585246436,0.605897518,0.580083666,0.163636364,,0.317235934,0.281340085,0.317235934,32.0,9.880060743744,0.003293353581248,101.0,102.0,103.0,103.0,101.0,102.0
J. Bell,118.5,16.0,12.8,4.266666666666667,Jordan Bell,"Bell, Jordan",@ MIN,12.0,Jordan Bell,PF/C,11,3.67,3000.0,GSW,118.5,"Bell, Jordan",0.146341463,0.666666667,0.927758331,1.030351616,0.90211001,0.16,0.5,0.37973193299999997,0.523315158,0.37973193299999997,23.0,11.489973872868,0.0038299912909559998,93.0,112.0,102.0,112.0,93.0,102.33333333333333
J. Williams,109.3,28.0,14.5,4.3939393939393945,Johnathan Williams,"Williams, Johnathan",@ MIL,14.0,Johnathan Williams,PF/C,11.97,3.63,3300.0,LAL,109.5,"Williams, Johnathan",,,0.77092377,,0.77092377,0.018867925,,0.42849966899999997,0.540806637,0.42849966899999997,5.0,11.898951863819999,0.003605742989036363,98.0,105.0,105.0,105.0,98.0,102.66666666666667
Cody Zeller,110.8,3.0,22.3,4.847826086956522,Cody Zeller,"Zeller, Cody",,,,,,,,,,"Zeller, Cody",0.25,,0.93867681,0.891267244,0.9619285679999999,0.111111111,0.647058824,0.265131095,0.754669389,0.265131095,27.0,,,132.0,51.0,128.0,132.0,51.0,103.66666666666667
T.J. McConnell,112.3,3.0,13.0,4.0625,T.J. McConnell,"McConnell, T.J",@ CHA,16.0,T.J. McConnell,PG/SG,12.65,3.95,3200.0,PHI,112,"McConnell, T.J",0.0,0.294117647,0.806769638,0.76351826,0.8180184770000001,,0.490566038,0.22737790800000002,0.506402794,0.22737790800000002,21.0,11.898556467552,0.00371829889611,96.0,119.0,96.0,119.0,96.0,103.66666666666667
Jeff Teague,112.0,22.0,30.5,4.919354838709677,Jeff Teague,"Teague, Jeff",,,,,,,,,,"Teague, Jeff",,0.447761194,0.974367585,0.945675476,0.981540613,0.0,0.46666666700000003,0.240761573,0.798718855,0.240761573,22.0,,,141.0,34.0,139.0,141.0,34.0,104.66666666666667
S. Livingston,118.5,15.0,12.5,4.166666666666667,Shaun Livingston,"Livingston, Shaun",@ MIN,15.0,Shaun Livingston,PG,10.65,3.55,3000.0,GSW,118.5,"Livingston, Shaun",0.112903226,0.428571429,0.766172861,0.746000546,0.7565088240000001,0.173076923,,0.355493664,0.43565068,0.355493664,22.0,11.923822534634999,0.003974607511545,91.0,116.0,108.0,116.0,91.0,105.0
A. McKinnie,118.5,29.0,14.8,4.625,Alfonzo McKinnie,"McKinnie, Alfonzo",@ MIN,7.0,Alfonzo McKinnie,SG/SF,4.48,1.4,3200.0,GSW,118.5,"McKinnie, Alfonzo",0.0,,0.70941419,0.414898113,0.788845461,0.19607843100000003,0.0,0.26124295399999997,0.684347591,0.26124295399999997,19.0,5.767456450769999,0.0018023301408656247,109.0,86.0,121.0,121.0,86.0,105.33333333333333
G. Temple,112.3,8.0,13.8,4.451612903225807,Garrett Temple,"Temple, Garrett",IND,16.0,Garrett Temple,SG/SF,9.37,3.02,3100.0,LAC,111.75,"Temple, Garrett",0.322580645,0.41176470600000004,0.60454242,0.653172993,0.592384777,0.0,0.446808511,0.22647821399999998,0.397758482,0.22647821399999998,30.0,9.243225679679998,0.00298168570312258,103.0,100.5,114.0,114.0,100.5,105.83333333333333
M. Kidd-Gilchrist,110.8,16.0,12.3,4.1000000000000005,Michael Kidd-Gilchrist,"Kidd-Gilchrist, Michael",PHI,14.0,Michael Kidd-Gilchrist,SF/PF,9.95,3.32,3000.0,CHA,111,"Kidd-Gilchrist, Michael",0.0,0.323076923,0.837226471,0.70993045,0.8456746470000001,0.333333333,0.0,0.29587233,0.734871525,0.29587233,22.0,11.853414305586,0.003951138101862,92.0,118.0,110.0,118.0,92.0,106.66666666666667
,,,,,,,@ MIN,17.0,Andrew Bogut,C,15.1,5.03,3000.0,GSW,118.5,,,,0.0,,,,,,,,,,,118.0,146.0,56.5,146.0,56.5,106.83333333333333
M. Wagner,109.3,28.0,15.3,4.25,Moritz Wagner,"Wagner, Moritz",@ MIL,12.0,Moritz Wagner,PF/C,10.89,3.03,3600.0,LAL,109.5,"Wagner, Moritz",,,1.051389429,,0.994871605,0.054545455,,0.36584423899999996,1.2047662559999999,0.36584423899999996,2.0,13.460356280412,0.00373898785567,95.0,114.0,113.0,114.0,95.0,107.33333333333333
D. Cousins,118.5,30.0,34.3,4.8999999999999995,DeMarcus Cousins,"Cousins, DeMarcus",,,,,,,,,,"Cousins, DeMarcus",,,1.541574741,,1.541574741,0.0,0.625,0.32888269,,0.32888269,,,,146.0,39.0,138.0,146.0,39.0,107.66666666666667
J. Adams,111.8,10.0,12.0,3.75,Jaylen Adams,"Adams, Jaylen",HOU,16.0,Jaylen Adams,PG,12.37,3.87,3200.0,ATL,111.75,"Adams, Jaylen",,,0.582524272,,0.582524272,0.0,,,,,,9.069856313088,0.00283433009784,105.0,122.0,98.0,122.0,98.0,108.33333333333333
C. Brewer,118.3,3.0,13.3,4.290322580645161,Corey Brewer,"Brewer, Corey",BKN,12.0,Corey Brewer,SG/SF,7.93,2.56,3100.0,SAC,118.25,"Brewer, Corey",,,0.839174538,,0.839174538,0.0,0.666666667,0.34697882700000005,,0.34697882700000005,,9.516721527864,0.00306991017027871,102.0,109.5,116.0,116.0,102.0,109.16666666666667
G. Dieng,112.0,6.0,14.3,4.46875,Gorgui Dieng,"Dieng, Gorgui",GSW,4.0,Gorgui Dieng,PF/C,4.04,1.26,3200.0,MIN,112,"Dieng, Gorgui",0.276315789,,0.967599036,0.843900488,0.998523672,0.358490566,,0.32834676,0.661185454,0.32834676,29.0,3.6664138635359995,0.0011457543323549998,110.0,99.0,122.0,122.0,99.0,110.33333333333333
Yogi Ferrell,118.3,26.0,13.0,4.333333333333333,Yogi Ferrell,"Ferrell, Yogi",BKN,8.0,Yogi Ferrell,PG/SG,6.01,2.0,3000.0,SAC,118.25,"Ferrell, Yogi",0.275862069,0.47619047600000003,0.811010881,0.706913049,0.837035339,0.14,0.333333333,0.336353071,0.627009646,0.336353071,16.0,7.230156349512,0.002410052116504,107.0,107.5,119.5,119.5,107.0,111.33333333333333
Q. Cook,118.5,15.0,12.8,4.266666666666667,Quinn Cook,"Cook, Quinn",@ MIN,8.0,Quinn Cook,PG,6.85,2.28,3000.0,GSW,118.5,"Cook, Quinn",0.066666667,0.533333333,0.90275603,0.805607289,0.927043215,0.22727272699999998,0.5,0.385268266,0.6138107420000001,0.385268266,21.0,7.41816474456,0.00247272158152,106.0,112.0,117.0,117.0,106.0,111.66666666666667
W. Chandler,112.3,24.0,13.3,4.290322580645161,Wilson Chandler,"Chandler, Wilson",IND,9.0,Wilson Chandler,SF/PF,6.65,2.15,3100.0,LAC,111.75,"Chandler, Wilson",0.333333333,0.397058824,0.683494983,0.698326143,0.679787193,0.045454545,0.4375,0.23690086600000002,0.474974953,0.23690086600000002,20.0,6.7518597467429995,0.002178019273142903,108.0,109.5,118.0,118.0,108.0,111.83333333333333
A. Tolliver,112.0,5.0,9.3,2.90625,Anthony Tolliver,"Tolliver, Anthony",GSW,16.0,Anthony Tolliver,SF/PF,11.13,3.48,3200.0,MIN,112,"Tolliver, Anthony",0.333333333,0.8,0.623362677,0.709543282,0.578134588,0.132075472,,0.260462113,0.40350549399999996,0.260462113,15.0,9.232614944208,0.0028851921700650002,104.0,124.0,109.0,124.0,104.0,112.33333333333333
D. Green,118.5,16.0,30.0,4.761904761904762,Danny Green,"Green, Danny",,,,,,,,,,"Green, Danny",0.2,0.38596491200000005,0.742496818,0.753375529,0.735207607,0.0,0.425925926,0.303816001,0.489447641,0.303816001,33.0,,,138.0,69.5,135.0,138.0,69.5,114.16666666666667
D. Rose,112.0,22.0,23.8,4.666666666666667,Derrick Rose,"Rose, Derrick",,,,,,,,,,"Rose, Derrick",0.26666666699999997,0.14285714300000002,0.993022224,0.756980974,1.049412793,0.35,0.7692307690000001,0.254101817,0.869416628,0.254101817,27.0,,,134.0,78.5,130.0,134.0,78.5,114.16666666666667
,,,,,,,@ ATL,21.0,Danuel House Jr.,SF/PF,14.68,3.86,3800.0,HOU,119.75,,,,0.0,,,,,,,,,,,111.0,143.0,99.0,143.0,99.0,117.66666666666667
A. Crabbe,114.8,10.0,17.3,4.552631578947369,Allen Crabbe,"Crabbe, Allen",,,,,,,,,,"Crabbe, Allen",0.571428571,0.428571429,0.685136974,0.788046118,0.659409688,0.051282050999999995,0.571428571,0.29808785600000004,0.44153720399999996,0.29808785600000004,26.0,,,133.0,94.0,127.0,133.0,94.0,118.0
Iman Shumpert,119.8,11.0,16.0,4.571428571428571,Iman Shumpert,"Shumpert, Iman",,,,,,,,,,"Shumpert, Iman",0.111111111,0.6,0.688551815,0.494341862,0.738069407,0.0,0.512820513,0.251454188,0.535648487,0.251454188,23.0,,,136.0,92.0,129.0,136.0,92.0,119.0
,,,,,,,@ ATL,22.0,Austin Rivers,PG/SG,12.92,4.04,3200.0,HOU,119.75,,,,0.0,,,,,,,,,,,126.0,141.0,92.0,141.0,92.0,119.66666666666667
,,,,,,,GSW,17.0,Cameron Reynolds,SG/SF,12.2,4.07,3000.0,MIN,112,,,,0.0,,,,,,,,,,,125.0,145.0,90.5,145.0,90.5,120.16666666666667
J. Ennis III,112.3,29.0,15.5,4.5588235294117645,James Ennis,"Ennis, James",,,,,,,,,,"Ennis, James",0.239130435,0.3,0.614350167,0.624678817,0.611768004,0.10344827599999999,0.333333333,0.275203956,0.405639099,0.275203956,22.0,,,137.0,93.0,131.0,137.0,93.0,120.33333333333333
,,,,,,,@ MIL,15.0,Mike Muscala,PF/C,11.36,3.79,3000.0,LAL,109.5,,,,0.0,,,,,,,,,,,124.0,142.0,100.0,142.0,100.0,122.0
,,,,,,,@ CHA,16.0,James Ennis III,SF/PF,10.52,3.09,3400.0,PHI,112,,,,0.0,,,,,,,,,,,117.0,138.0,112.0,138.0,112.0,122.33333333333333
,,,,,,,LAL,10.0,Tim Frazier,PG,9.42,2.62,3600.0,MIL,120.5,,,,0.0,,,,,,,,,,,116.0,137.0,115.0,137.0,115.0,122.66666666666667
,,,,,,,@ CHA,12.0,Amir Johnson,PF/C,11.46,3.58,3200.0,PHI,112,,,,0.0,,,,,,,,,,,122.0,140.0,107.0,140.0,107.0,123.0
M. Bridges,110.8,16.0,14.8,4.484848484848485,Mikal Bridges,"Bridges, Mikal",,,,,,,,,,"Bridges, Mikal",,,0.669165437,,0.6691654370000001,0.28571428600000004,0.523809524,0.24155591899999998,0.426315789,0.24155591899999998,31.0,,,139.0,97.5,133.0,139.0,97.5,123.16666666666667
,,,,,,,@ MIL,5.0,Isaac Bonga,PG/SF,3.18,1.06,3000.0,LAL,109.5,,,,0.0,,,,,,,,,,,112.0,135.0,123.0,135.0,112.0,123.33333333333333
,,,,,,,@ MIL,7.0,Tyson Chandler,C,6,2.0,3000.0,LAL,109.5,,,,0.0,,,,,,,,,,,115.0,136.0,119.5,136.0,115.0,123.5
,,,,,,,PHI,11.0,Devonte' Graham,PG/SG,9.33,3.11,3000.0,CHA,111,,,,0.0,,,,,,,,,,,121.0,139.0,111.0,139.0,111.0,123.66666666666667
,,,,,,,@ CHA,12.0,Jonah Bolden,PF/C,11.5,3.59,3200.0,PHI,112,,,,0.0,,,,,,,,,,,123.0,148.0,106.0,148.0,106.0,125.66666666666667
J. Simmons,112.3,20.0,14.3,4.333333333333334,Jonathon Simmons,"Simmons, Jonathon",,,,,,,,,,"Simmons, Jonathon",0.42105263200000004,0.346938776,0.709430244,0.793431795,0.688429856,0.181818182,0.444444444,0.263375521,0.500463392,0.263375521,26.0,,,140.0,106.0,134.0,140.0,106.0,126.66666666666667
Gary Clark,119.8,12.0,4.8,1.5999999999999999,Gary Clark,"Clark, Gary",,,,,,,,,,"Clark, Gary",,,0.595086838,,0.595086838,0.115384615,1.0,0.26885703699999997,0.406774735,0.26885703699999997,18.0,,,113.0,132.0,142.0,142.0,113.0,129.0
TJ Leaf,107.8,20.0,4.3,1.4333333333333333,TJ Leaf,"Leaf, TJ",,,,,,,,,,"Leaf, TJ",0.039215686,,0.826059299,0.648213373,0.868803665,0.054545455,,0.25853841,0.568181818,0.25853841,6.0,,,114.0,133.0,141.0,141.0,114.0,129.33333333333334
C. Reynolds,112.0,16.0,12.8,4.266666666666667,,,,,,,,,,,,,,,0.0,,,,,,,,,,,143.0,112.0,137.0,143.0,112.0,130.66666666666666
D.J. Wilson,120.3,15.0,13.0,4.193548387096774,D.J Wilson,"Wilson, D.J",,,,,,,,,,"Wilson, D.J",,,0.839262203,,0.823380325,,0.1875,0.345754745,0.772279301,0.345754745,3.0,,,142.0,115.0,136.0,142.0,115.0,131.0
Alec Burks,118.3,26.0,5.5,1.8333333333333333,Alec Burks,"Burks, Alec",,,,,,,,,,"Burks, Alec",0.290322581,1.0,0.838947771,0.785033323,0.852426383,0.4375,0.625,0.30509502,0.562894254,0.30509502,27.0,,,120.0,131.0,143.0,143.0,120.0,131.33333333333334
A. Bogut,118.5,30.0,7.5,2.5,,,,,,,,,,,,,,,0.0,,,,,,,,,,,144.0,126.0,126.0,144.0,126.0,132.0
,,,,,,,@ MIL,5.0,Andre Ingram,PG/SG,3.18,0.99,3200.0,LAL,109.5,,,,0.0,,,,,,,,,,,131.0,144.0,124.0,144.0,124.0,133.0
S. Thornwell,112.3,8.0,3.5,1.1666666666666667,Sindarius Thornwell,"Thornwell, Sindarius",,,,,,,,,,"Thornwell, Sindarius",0.092592593,0.333333333,0.640390966,0.637615952,0.653671197,0.0,1.0,0.30689100199999997,0.412654746,0.30689100199999997,6.0,,,127.0,134.0,140.0,140.0,127.0,133.66666666666666
K. Koufos,118.3,18.0,5.8,1.9333333333333333,Kosta Koufos,"Koufos, Kosta",,,,,,,,,,"Koufos, Kosta",0.372881356,0.8,0.950254825,0.966115394,0.9462896829999999,0.153846154,1.0,0.32076835,0.559440559,0.32076835,16.0,,,128.0,130.0,144.0,144.0,128.0,134.0
M. Monk,110.8,5.0,6.3,2.1,Malik Monk,"Monk, Malik",,,,,,,,,,"Monk, Malik",0.25862069,,0.879483643,0.706962583,0.929656323,0.384615385,,0.29407267800000003,0.7211787140000001,0.29407267800000003,24.0,,,130.0,128.0,146.0,146.0,128.0,134.66666666666666
J. Terrell,112.0,22.0,12.0,4.0,Jared Terrell,"Terrell, Jared",,,,,,,,,,"Terrell, Jared",,,0.605130783,,0.605130783,0.0,,0.303093614,0.576018809,0.303093614,1.0,,,145.0,120.0,148.0,148.0,120.0,137.66666666666666
Nene Hilario,119.8,15.0,6.8,2.2666666666666666,Nene Hilario,"Hilario, Nene",,,,,,,,,,"Hilario, Nene",,,0.770926218,,0.7673257859999999,0.078431373,0.0,0.30554845199999997,0.609664405,0.30554845199999997,7.0,,,147.0,127.0,147.0,147.0,127.0,140.33333333333334
F. Mason III,118.3,26.0,6.0,2.0,Frank Mason,"Mason III, Frank",,,,,,,,,,"Mason III, Frank",0.4,1.0,0.882769123,0.882337232,0.911649907,0.150943396,,0.314331498,0.687279683,0.314331498,18.0,,,148.0,129.0,145.0,148.0,129.0,140.66666666666666
,,,,,,,@ SAC,4.0,Jared Dudley,SF/PF,2.7,0.9,3000.0,BKN,114.75,,,,0.0,,,,,,,,,,,149.0,149.0,125.0,149.0,125.0,141.0
